"uas nya belom, mau mati nya udah"
@ipramanda bisikin pricenya gan tks
@pxcex mantap gan
@pangeransiahaan
"buat mas-mas yang bantu nyetud motor saya yang mogok di jalan pegambiran, siapapun anda, makasih banyak dan semoga dimudahkan hari-harinya"
@papersboy @wisnukumoro ini nih yang mantap
@pangeransiahaan warisan
@tyows tetap young tak tergantikan
@fififinanana yah
@podcastretropus salam bangsat buat anak kampus gua yang sjw. dah gitu aja. #samsatretropus
"@ariyadifebri takkan terhapuskan, takkan terlupakan kawan"
@riannugrahaa @aaeldop ada itu homegesture
"@pxcex mas, kalo sempet tweak hack sticker line nya bisa tolong diupdate?"
@xximbecile penikmat kopi senja #hot beverage#
@vivacoid wah gila ya lo anjing
beneran engga dong hehe
semoga liverpool ga juara
@podcastretropus mantap bang! makasih
@podcastretropus minat gan order dong hehehe
@box2boxid @pangeransiahaan @coachjustinl @tyows pake discrot aja bang
@box2boxid @tyows @pangeransiahaan @coachjustinl gambar yang bisa anda dengar
@podcastretropus demi adsense kenapa nga
ini apaan lg anjing
@papersboy normie mau sok jadi edgy
@oasuprimlider yaelah
@dshidayat31 @papersboy @sobathape bisa jadi sih ini
"@sobathape motorola anjir, nih orang2 gimanasi. pada taunya xiaomi=murah si"
@panditfootball kaki -&gt; kepala = red card. ga ada basa-basi.
@papersboy udah keburu ngaceng
buka twitter hanya untuk ikut giveaway dan follow @xximbecile
@didisunardi07 saksi bisu kang
"@anwarcoki ga rela lu close mic bang, moga karier lo bisa sukses terus dan kita bisa foto bareng"
@papersboy jan gitu bang sedih ane :
@papersboy mimpi indah gan
"uas nya belom, mau mati nya udah"
@ipramanda bisikin pricenya gan tks
@pxcex mantap gan
@pangeransiahaan
"buat mas-mas yang bantu nyetud motor saya yang mogok di jalan pegambiran, siapapun anda, makasih banyak dan semoga dimudahkan hari-harinya"
@papersboy @wisnukumoro ini nih yang mantap
@pangeransiahaan warisan
@tyows tetap young tak tergantikan
@fififinanana yah
@podcastretropus salam bangsat buat anak kampus gua yang sjw. dah gitu aja. #samsatretropus
"@ariyadifebri takkan terhapuskan, takkan terlupakan kawan"
@riannugrahaa @aaeldop ada itu homegesture
"@pxcex mas, kalo sempet tweak hack sticker line nya bisa tolong diupdate?"
@xximbecile penikmat kopi senja #hot beverage#
@vivacoid wah gila ya lo anjing
beneran engga dong hehe
semoga liverpool ga juara
@podcastretropus mantap bang! makasih
@podcastretropus minat gan order dong hehehe
@box2boxid @pangeransiahaan @coachjustinl @tyows pake discrot aja bang
@box2boxid @tyows @pangeransiahaan @coachjustinl gambar yang bisa anda dengar
@podcastretropus demi adsense kenapa nga
ini apaan lg anjing
@papersboy normie mau sok jadi edgy
@oasuprimlider yaelah
@dshidayat31 @papersboy @sobathape bisa jadi sih ini
"@sobathape motorola anjir, nih orang2 gimanasi. pada taunya xiaomi=murah si"
@panditfootball kaki -&gt; kepala = red card. ga ada basa-basi.
@papersboy udah keburu ngaceng
buka twitter hanya untuk ikut giveaway dan follow @xximbecile
@didisunardi07 saksi bisu kang
"@anwarcoki ga rela lu close mic bang, moga karier lo bisa sukses terus dan kita bisa foto bareng"
@papersboy jan gitu bang sedih ane :
@papersboy mimpi indah gan
@papersboy disamping kaya xperia series enak tuh
