selamat lebaran all crew @optimaxt sampaikan salam &amp; tahniyah ied utk keluarga kalian ya. smg kt semua menjadi lebih &amp; semakin bermanfaat :
"mohon maaf utk sgl kesalahan guys, smg segala amaliyah ramadhan menjadikan kita insan yg lbh bertaqwa sehingga kt jd lbh baik &amp; makin baik."
salam pak @aapriyantono semoga dgn silaturahim ini kita bisa berbagi dan bersinergi utk kebaikan. semoga sehat selalu pak :
dirgahayu @kepolisian_ri ke 69. dgn semangat bhayangkara jg ruh tribrata &amp; catur prasetya smg polri semakin profesional dan tulus mengabdi.
"emang beda taste nya @javajazzfest superb, audio perfections.."
alhamdulillah hari ini bisa bersinergi &amp; memberikan sekaligus mendapatkan inspirasi bersama rekan2 #pelatihantrainermuda nya bro @fikarmr :
102 th bkn usia yg muda tp semangat pembaharuan takkan pernah tua.selamat milad @muhammadiyah smg setiap gerak langkah sllu hadirkan berkah.
simak kultwit saya tentang #worlddiabetesday semoga bermanfaat buat follower @trainermuda_id :
"""hidup sehat itu pilihan guys,murah ketika kt mulai skrg tanpa ah &amp; mahal ketika kt mulai saat menyesal.silahkan dipilih #worlddiabetesday"""
"hargai hidup : olahraga rutin,aktif beraktivitas,tdk merokok &amp; tdk konsumsi alkohol itu semua akan menghindari kt dari dm #worlddiabetesday"
"asal hidup : asal makan yg ptg enak,asal minum yg ptg seger,&amp; asal asal lainnya itu semua bagian dari faktor risiko dm #worlddiabetesday"
"""prinsip pencegahan diabetes buat yg berisiko atau ngga itu sama mengubah gaya hidup dari yg asal hidup jd hargai hidup #worlddiabetesday"""
di indonesia yg paling banyak di derita adalah diabetes melitus tipe 2 yg disebabkan oleh faktor genetik &amp; lingkungan #worlddiabetesday
jumlah penderita diabetes justru lbh banyak pd penduduk perkotaan dgn tingkat pendidikan yg lbh tinggi dprd penduduk desa #worlddiabetesday
jumlah penderita diabetes di indonesia terus naik dari tahun ke tahun bahkan tdk sdkt penderita yg masih berusia produktif #worlddiabetesday
"di indonesia data kemenkes pd th 2013 : angka diabetes tertinggi dki jakarta,yogyakarta,sulawesi utara,kalimantan timur #worlddiabetesday"
"80% penderita diabetes berasal dari negara berkembang,data pd th 2006 menunjukkan di asean ada lbh dari 50jt penderita #worlddiabetesday"
"diabetes jd isu kesehatan yg mengkhawatirkan,data who menunjukkan di th 2011 penderitanya nyampe 366jt org &amp; trs meningkat #worlddiabetesday"
terjd krn pankreas ga memproduksi insulin dlm jmlh yg ckp / tubuh ga bs make insulin yg di produksi pankreas scr efektif #worlddiabetesday
itu td sejarah singkat tentang #worlddiabetesday skrg kt bahas singkat tentang apa itu diabetes :
maksud dari peringatan #worlddiabetesday adlh kampanye global agar seluruh masyarakat paham tentang apa itu diabetes dan gaya hidup sehat
"pertama kt bahas sejarahnya dulu ya, #worlddiabetesday diperkenalkan olh who pd th 91 sbg respon atas meningkatnya jumlah penderita diabetes"
"hay guys, siang ini kita bahas sejarah &amp; penjelasan singkat tentang #worlddiabetesday yuk, semoga bahasan singkat ini bermanfaat :"
saya baru saja kultwit tentang #hariayah &amp; #harikesehatannasional semoga bermanfaat buat follower @trainermuda_id
selamat #hariayah &amp; #harikesehatannasional smg 2 momen special ini bisa menjadikan kt &amp; bangsa tercinta ini semakin baik &amp; lbh baik ya guys
"ketika kesehatan &amp; kesejahteraan terwujud,masyarakat kt akan menjadi optimal &amp; produktif,nkri pun akan maju &amp; mandiri #harikesehatannasional"
tgs kt bersama utk meningkatkan kesadaran &amp; kemauan masyarakat agar kesehatan &amp; kesejahteraan indonesia sgr terwujud #harikesehatannasional
"perilaku hidup bersih &amp; sehat sdh seharusnya jd budaya bangsa,kt hrs malu utk membuang sampah sembarangan,ini budaya #harikesehatannasional"
"pembangunan kesehatan &amp; kesejahteraan bangsa ini menjadi tgs bersama, kt hrs trs bekerja utk mewujudkan itu semua #harikesehatannasional"
yuk kt gunakan #harikesehatannasional ini utk merefleksikan apa aja yg sdh kt berikan bagi kesejahteraan nkri tercinta jgn melulu meminta
atas kejadian itulah setiap tgl 12 11 diperingati sebagai #harikesehatannasional sejak itu pula hkn jd momentum utk menyehatkan masyarakat
scr simbolis pd tgl 12 11 64 presiden soekarno melakukn penyemprotan &amp; penyuluhan ttg nyamuk malaria di desa kalasan #harikesehatannasional
"akhir th 1963 dilakukan aksi besar utk membasmi malaria sehingga hampir 64,5jt penduduk telah dpt perlindungan #harikesehatannasional"
"sktr th 1960 malaria adlh mslh serius di indonesia,ratusan ribu jiwa jd korban.pemerintah serius menangani malaria #harikesehatannasional"
sekarang kt lanjut momen special berikutnya yaitu #harikesehatannasional yg pd th ini adlh peringatannya yg ke 50
di indonesia penetapan tgl 12 11 sbg #hariayah digagas olh perkumpulan putra ibu pertiwi pd th 2006 deklarasi dilakukan di kota solo jateng
"di #hariayah ini kt berterimakasih atas materi berani,mandiri,dan tegas yg beliau ajarkan materi yang pasti berguna utk masa depan"
"#hariayah lbh dari sekedar seremonial penghargaan utk sosok yg rela melakukan apapun utk kt,dia rela lelah agar masa depan kt cerah"
"kt bahas tentang #hariayah dulu ya guys,eh btw udh pada ngucapin selamat hari ayah blm ke sosok yg udh rela mengorbankan bnyk hal utk kita ?"
"siang guys,ada 2 moment penting ni di hari ini yg pertama ada #hariayah dan yg kedua #harikesehatannasional kita bahas bersama yuk ;"
saya baru saja kultwit tentang #haripahlawan semoga bermanfaat buat follower @trainermuda_id :
"apakah cukup kejadian ini hanya kt rayakan sebatas seremonial saja,pastinya banyak diantara kt yg akan jawab tidak #haripahlawan"
"utk menghormati para pejuang,presiden soekarno atas usulan sumarsono tokoh yg ikut berjuang di sby menetapkan 10 11 sbg #haripahlawan"
"tak terima nkri diinjak pejuang pun bergerak.inggris dgn 30rb pasukan,serang sby dari laut &amp; darat tp pejuang kt hebat &amp; kuat #haripahlawan"
pagi hari pd tgl 10 11 45 kedaulatan nkri diinjak dgn hrs menyerah pd nica padahal indonesia sudah merdeka #haripahlawan
"rangkaian kisah heroik panjang yg tercatat dgn tinta darah para pejuang.pelucutan senjata olh nica,tragedi hotel yamato,dll #haripahlawan"
10 11 45 adlh batas akhir ultimatum jend. robert mansergh spy surabaya menyerah kpd sekutu.ini bicara tentang kedaulatan nkri #haripahlawan
"setiap tgl 10-11 kt selalu memperingati hari pahlawan,apa &amp; knp sih smp dibilang hari pahlawan ? yuk kt bahas tentang #haripahlawan"
"terimakasih utk keluarga,sahabat &amp; rekan semua atas ucapannya.tentunya dgn doa yg sama utk kt semua,smg kt semua jd lbh baik &amp; semakin baik."
saya baru saja kultiwit tentang #sumpahpemuda semoga bermanfaat buat follower @trainermuda_id :
"yuk sama sama kita beri bukti pada ibu pertiwi bahwa kita pemuda yang bangga dengan tanah air,bangsa,dan bahasa indonesia #sumpahpemuda"
"teman2 pasti ngerti spirit sejati #sumpahpemuda spirit memiliki dan bangga akan negeri tercinta ini,spirit utk trs berbakti dan bangun nkri"
"""pemuda ga seharusnya minta lumpuhkanlah ingatan ku atau trs ngeluh sakitnya tu disini harusnya kt buktikan bagimu negri #sumpahpemuda"""
"ini jd renungan utk kt bersama,pemuda seharusnya berkarya pemuda seharusnya bicara pemuda bkn ada hanya utk merana #sumpahpemuda"
"saat #sumpahpemuda diikrarkan negeri ini sedang tdk stabil tp pemudanya ga labil,skrg ketika nkri makin stabil knp pemudanya smkn labil ?"
"ini kritik buat kita,buat apa teriak2 sumpah pemuda tapi spirit ikrar itu tdk masuk dlm sanubari kita.. buat apa ? #sumpahpemuda"
"ketika dulu pemuda bangga dengan bangsa indonesia,apkh hari ini kt masih bangga saat kt lbh memilih gaya korea atau amerika ?#sumpahpemuda"
"ikrar ini menegaskan tntng tumpah darah 1 tanah air indonesia,berbangsa 1 bangsa indonesia,bahasa persatuan bahasa indonesia #sumpahpemuda"
dari kongres itu lahirlah satu tonggak utama dlm sejarah pergerakan kemerdekaan indonesia yaitu #sumpahpemuda
"bertempat di jl.kramat raya no 106 jakpus,kongres itu dihadiri oleh 80 pemuda indonesia dan 4 org peninjau #sumpahpemuda"
"guys,tepat hari ini 86 th yg lalu atau 17 th sblm nkri tercinta merdeka pemuda indonesia brkumpul utk kongres pemuda yg ke 2#sumpahpemuda"
10 th bkn wkt yg lama utk menorehkan prestasi jg bkn wkt yg singkat utk menghindari kekurangan.apapun itu #terimakasihsby @sbyudhoyono
bukan lagi no 1 atau 2 yg ada skrg adlh kebersamaan dlm bhinneka tunggal ika. #makasihsby #makasihboediono selamat bekerja #presidenjokowi
"hari ini persatuan indonesia begitu terasa, yuk kita optimis klu #presidenjokowi akan buat ibu pertiwi berseri.."
"selamat idul adha 1435 h smg spirit qurban menjadikan pribadi kt makin baik,makin ikhlas,makin semangat utk memberikan yg terbaik utk semua."
ada spirit ketaatan yg paripurna pd kisah pengorbanan ibrahim as.pagi ini ketika takbir berkumandang smg kt bisa merefleksikan ketaatan itu.
"berbagi yuk, ga akan bikin rugi kok krn berbagi itu tdk berarti mengurangi apa yang kt punya bahkan dgn berbagi nilai nya bisa bertambah sob"
pelangi itu ga akan indah klu cuma 1 warna.yuk sob kita nikmati warna warni pelangi kehidupan ini biar hidup kt jd makin cerah &amp; ceria
agenda hari ini sosialisasi spmi pts kopertis wil iv bertempat di hotel grand pasundan bdg. smg mutu pemuda indonesia semakin baik :
selamat malam juga para insan hebat penyebar manfaat @biyfebby @albarraeresmair @aditriasmara @arryrahmawan @dhikamalawa
@wullaaann thanks darl.. doain bisa selalu bermanfaat ya :*
"alhamdulillah klu manfaat nya terasa.acaranya bisa seru krn kalian juga lo.trs semangat,trs sebar kebaikan ya @rizkafitri15 :"
selamat lebaran all crew @optimaxt sampaikan salam &amp; tahniyah ied utk keluarga kalian ya. smg kt semua menjadi lebih &amp; semakin bermanfaat :
"mohon maaf utk sgl kesalahan guys, smg segala amaliyah ramadhan menjadikan kita insan yg lbh bertaqwa sehingga kt jd lbh baik &amp; makin baik."
salam pak @aapriyantono semoga dgn silaturahim ini kita bisa berbagi dan bersinergi utk kebaikan. semoga sehat selalu pak :
dirgahayu @kepolisian_ri ke 69. dgn semangat bhayangkara jg ruh tribrata &amp; catur prasetya smg polri semakin profesional dan tulus mengabdi.
"emang beda taste nya @javajazzfest superb, audio perfections.."
alhamdulillah hari ini bisa bersinergi &amp; memberikan sekaligus mendapatkan inspirasi bersama rekan2 #pelatihantrainermuda nya bro @fikarmr :
102 th bkn usia yg muda tp semangat pembaharuan takkan pernah tua.selamat milad @muhammadiyah smg setiap gerak langkah sllu hadirkan berkah.
simak kultwit saya tentang #worlddiabetesday semoga bermanfaat buat follower @trainermuda_id :
"""hidup sehat itu pilihan guys,murah ketika kt mulai skrg tanpa ah &amp; mahal ketika kt mulai saat menyesal.silahkan dipilih #worlddiabetesday"""
"hargai hidup : olahraga rutin,aktif beraktivitas,tdk merokok &amp; tdk konsumsi alkohol itu semua akan menghindari kt dari dm #worlddiabetesday"
"asal hidup : asal makan yg ptg enak,asal minum yg ptg seger,&amp; asal asal lainnya itu semua bagian dari faktor risiko dm #worlddiabetesday"
"""prinsip pencegahan diabetes buat yg berisiko atau ngga itu sama mengubah gaya hidup dari yg asal hidup jd hargai hidup #worlddiabetesday"""
di indonesia yg paling banyak di derita adalah diabetes melitus tipe 2 yg disebabkan oleh faktor genetik &amp; lingkungan #worlddiabetesday
jumlah penderita diabetes justru lbh banyak pd penduduk perkotaan dgn tingkat pendidikan yg lbh tinggi dprd penduduk desa #worlddiabetesday
jumlah penderita diabetes di indonesia terus naik dari tahun ke tahun bahkan tdk sdkt penderita yg masih berusia produktif #worlddiabetesday
"di indonesia data kemenkes pd th 2013 : angka diabetes tertinggi dki jakarta,yogyakarta,sulawesi utara,kalimantan timur #worlddiabetesday"
"80% penderita diabetes berasal dari negara berkembang,data pd th 2006 menunjukkan di asean ada lbh dari 50jt penderita #worlddiabetesday"
"diabetes jd isu kesehatan yg mengkhawatirkan,data who menunjukkan di th 2011 penderitanya nyampe 366jt org &amp; trs meningkat #worlddiabetesday"
terjd krn pankreas ga memproduksi insulin dlm jmlh yg ckp / tubuh ga bs make insulin yg di produksi pankreas scr efektif #worlddiabetesday
itu td sejarah singkat tentang #worlddiabetesday skrg kt bahas singkat tentang apa itu diabetes :
maksud dari peringatan #worlddiabetesday adlh kampanye global agar seluruh masyarakat paham tentang apa itu diabetes dan gaya hidup sehat
"pertama kt bahas sejarahnya dulu ya, #worlddiabetesday diperkenalkan olh who pd th 91 sbg respon atas meningkatnya jumlah penderita diabetes"
"hay guys, siang ini kita bahas sejarah &amp; penjelasan singkat tentang #worlddiabetesday yuk, semoga bahasan singkat ini bermanfaat :"
saya baru saja kultwit tentang #hariayah &amp; #harikesehatannasional semoga bermanfaat buat follower @trainermuda_id
selamat #hariayah &amp; #harikesehatannasional smg 2 momen special ini bisa menjadikan kt &amp; bangsa tercinta ini semakin baik &amp; lbh baik ya guys
"ketika kesehatan &amp; kesejahteraan terwujud,masyarakat kt akan menjadi optimal &amp; produktif,nkri pun akan maju &amp; mandiri #harikesehatannasional"
tgs kt bersama utk meningkatkan kesadaran &amp; kemauan masyarakat agar kesehatan &amp; kesejahteraan indonesia sgr terwujud #harikesehatannasional
"perilaku hidup bersih &amp; sehat sdh seharusnya jd budaya bangsa,kt hrs malu utk membuang sampah sembarangan,ini budaya #harikesehatannasional"
"pembangunan kesehatan &amp; kesejahteraan bangsa ini menjadi tgs bersama, kt hrs trs bekerja utk mewujudkan itu semua #harikesehatannasional"
yuk kt gunakan #harikesehatannasional ini utk merefleksikan apa aja yg sdh kt berikan bagi kesejahteraan nkri tercinta jgn melulu meminta
atas kejadian itulah setiap tgl 12 11 diperingati sebagai #harikesehatannasional sejak itu pula hkn jd momentum utk menyehatkan masyarakat
scr simbolis pd tgl 12 11 64 presiden soekarno melakukn penyemprotan &amp; penyuluhan ttg nyamuk malaria di desa kalasan #harikesehatannasional
"akhir th 1963 dilakukan aksi besar utk membasmi malaria sehingga hampir 64,5jt penduduk telah dpt perlindungan #harikesehatannasional"
"sktr th 1960 malaria adlh mslh serius di indonesia,ratusan ribu jiwa jd korban.pemerintah serius menangani malaria #harikesehatannasional"
sekarang kt lanjut momen special berikutnya yaitu #harikesehatannasional yg pd th ini adlh peringatannya yg ke 50
di indonesia penetapan tgl 12 11 sbg #hariayah digagas olh perkumpulan putra ibu pertiwi pd th 2006 deklarasi dilakukan di kota solo jateng
"di #hariayah ini kt berterimakasih atas materi berani,mandiri,dan tegas yg beliau ajarkan materi yang pasti berguna utk masa depan"
"#hariayah lbh dari sekedar seremonial penghargaan utk sosok yg rela melakukan apapun utk kt,dia rela lelah agar masa depan kt cerah"
"kt bahas tentang #hariayah dulu ya guys,eh btw udh pada ngucapin selamat hari ayah blm ke sosok yg udh rela mengorbankan bnyk hal utk kita ?"
"siang guys,ada 2 moment penting ni di hari ini yg pertama ada #hariayah dan yg kedua #harikesehatannasional kita bahas bersama yuk ;"
saya baru saja kultwit tentang #haripahlawan semoga bermanfaat buat follower @trainermuda_id :
"apakah cukup kejadian ini hanya kt rayakan sebatas seremonial saja,pastinya banyak diantara kt yg akan jawab tidak #haripahlawan"
"utk menghormati para pejuang,presiden soekarno atas usulan sumarsono tokoh yg ikut berjuang di sby menetapkan 10 11 sbg #haripahlawan"
"tak terima nkri diinjak pejuang pun bergerak.inggris dgn 30rb pasukan,serang sby dari laut &amp; darat tp pejuang kt hebat &amp; kuat #haripahlawan"
pagi hari pd tgl 10 11 45 kedaulatan nkri diinjak dgn hrs menyerah pd nica padahal indonesia sudah merdeka #haripahlawan
"rangkaian kisah heroik panjang yg tercatat dgn tinta darah para pejuang.pelucutan senjata olh nica,tragedi hotel yamato,dll #haripahlawan"
10 11 45 adlh batas akhir ultimatum jend. robert mansergh spy surabaya menyerah kpd sekutu.ini bicara tentang kedaulatan nkri #haripahlawan
"setiap tgl 10-11 kt selalu memperingati hari pahlawan,apa &amp; knp sih smp dibilang hari pahlawan ? yuk kt bahas tentang #haripahlawan"
"terimakasih utk keluarga,sahabat &amp; rekan semua atas ucapannya.tentunya dgn doa yg sama utk kt semua,smg kt semua jd lbh baik &amp; semakin baik."
saya baru saja kultiwit tentang #sumpahpemuda semoga bermanfaat buat follower @trainermuda_id :
"yuk sama sama kita beri bukti pada ibu pertiwi bahwa kita pemuda yang bangga dengan tanah air,bangsa,dan bahasa indonesia #sumpahpemuda"
"teman2 pasti ngerti spirit sejati #sumpahpemuda spirit memiliki dan bangga akan negeri tercinta ini,spirit utk trs berbakti dan bangun nkri"
"""pemuda ga seharusnya minta lumpuhkanlah ingatan ku atau trs ngeluh sakitnya tu disini harusnya kt buktikan bagimu negri #sumpahpemuda"""
"ini jd renungan utk kt bersama,pemuda seharusnya berkarya pemuda seharusnya bicara pemuda bkn ada hanya utk merana #sumpahpemuda"
"saat #sumpahpemuda diikrarkan negeri ini sedang tdk stabil tp pemudanya ga labil,skrg ketika nkri makin stabil knp pemudanya smkn labil ?"
"ini kritik buat kita,buat apa teriak2 sumpah pemuda tapi spirit ikrar itu tdk masuk dlm sanubari kita.. buat apa ? #sumpahpemuda"
"ketika dulu pemuda bangga dengan bangsa indonesia,apkh hari ini kt masih bangga saat kt lbh memilih gaya korea atau amerika ?#sumpahpemuda"
"ikrar ini menegaskan tntng tumpah darah 1 tanah air indonesia,berbangsa 1 bangsa indonesia,bahasa persatuan bahasa indonesia #sumpahpemuda"
dari kongres itu lahirlah satu tonggak utama dlm sejarah pergerakan kemerdekaan indonesia yaitu #sumpahpemuda
"bertempat di jl.kramat raya no 106 jakpus,kongres itu dihadiri oleh 80 pemuda indonesia dan 4 org peninjau #sumpahpemuda"
"guys,tepat hari ini 86 th yg lalu atau 17 th sblm nkri tercinta merdeka pemuda indonesia brkumpul utk kongres pemuda yg ke 2#sumpahpemuda"
10 th bkn wkt yg lama utk menorehkan prestasi jg bkn wkt yg singkat utk menghindari kekurangan.apapun itu #terimakasihsby @sbyudhoyono
bukan lagi no 1 atau 2 yg ada skrg adlh kebersamaan dlm bhinneka tunggal ika. #makasihsby #makasihboediono selamat bekerja #presidenjokowi
"hari ini persatuan indonesia begitu terasa, yuk kita optimis klu #presidenjokowi akan buat ibu pertiwi berseri.."
"selamat idul adha 1435 h smg spirit qurban menjadikan pribadi kt makin baik,makin ikhlas,makin semangat utk memberikan yg terbaik utk semua."
ada spirit ketaatan yg paripurna pd kisah pengorbanan ibrahim as.pagi ini ketika takbir berkumandang smg kt bisa merefleksikan ketaatan itu.
"berbagi yuk, ga akan bikin rugi kok krn berbagi itu tdk berarti mengurangi apa yang kt punya bahkan dgn berbagi nilai nya bisa bertambah sob"
pelangi itu ga akan indah klu cuma 1 warna.yuk sob kita nikmati warna warni pelangi kehidupan ini biar hidup kt jd makin cerah &amp; ceria
agenda hari ini sosialisasi spmi pts kopertis wil iv bertempat di hotel grand pasundan bdg. smg mutu pemuda indonesia semakin baik :
selamat malam juga para insan hebat penyebar manfaat @biyfebby @albarraeresmair @aditriasmara @arryrahmawan @dhikamalawa
@wullaaann thanks darl.. doain bisa selalu bermanfaat ya :*
"alhamdulillah klu manfaat nya terasa.acaranya bisa seru krn kalian juga lo.trs semangat,trs sebar kebaikan ya @rizkafitri15 :"
siaap bu dokter ku @wullaaann pokoknya sebelum ttd mou i.allah kesana :
"""sosialisasi mewujdkan pts sehat di lingkungn kopertis wil iv di hotel harris bdg.smg dgn sehat nya pts makin byk generasi hbt indonesia"""
yuk kt isi kemerdekaan ini dgn ide &amp; aksi terbaik buat ibu pertiwi tersenyum krn kt berusaha agar namanya selalu harum #dirgahayurike69
"""mengisi kemerdekaan adlh slh satu bntuk penghormatan kpd para pejuang.bangsa yg besar adlh yg bs menghormati pahlawannya #dirgahayurike69"""
para pejuang wariskan kemerdekaan utk kt &amp; tgs kt mengisi kemerdekaan ini klu smpi skrg kt blm mandiri ini bkn slh pejuang #dirgahayurike69
"hargai jasa para ksatria yg sdh berjuang jgn dgn mdh kt teriak bahwa kt blm merdeka, mrk sdh wariskan kemerdekaan utk kt #dirgahayurike69"
lwt para pejuang tuhan tlh tunjukkan &amp; berikan kemerdekaan utk bangsa kt tercinta. ayo syukuri nikmat ini #dirgahayurike69
"""teriakan merdeka ! wkt itu punya ruh,smgt membara ketika kata itu mengudara.para pejuang tunjukkan arti nyata merdeka #dirgahayurike69"""
"""para pejuang korbankan sglnya bkn cuma nyawa tp harta,pikiran &amp; apapun dikorbankan agar kt rasakan indahnya merdeka #dirgahayurike69"""
dirgahayu nkri yg ke 69.merdeka itu anugrah tuhan para ksatria angkat senjata lawan penjajah bkn dgn minta jatah #dirgahayurike69
@annaparamitadlm sudah bu :
buat kemenangan ini berarti biarkan inspirasi kemenangan ini mengisi hati &amp; mewarnai jatidiri smg ridho ilahi bs kt raih #happyiedmubarak
smg dgn kemenangan ini spirit berbagi makin tinggi klu awalny blm yuk skrg mulai klu td sekali skrg berbagi 2x dan berkali2 #happyeidmubarak
mlm ini langit indonesia meriah dgn wrn wrni kembang api semua sukacita menyambut dtg nya kemenangan. slmt berlebaran para pemenang
tl @gnfi selalu rame dgn banyak hal yg makin ngebuat kt bangga utk jd bagian dari indonesia.trs sebarin hebatnya indonesia bro #respect
smg presiden terpilih kt pak @jokowi_do2 ga lupa sm janjinya #isupportgaza @infoknrp
"menjadi seorang indonesia berarti berani utk mengutuk segala bentuk penjajahan atas dasar apapun, minimal dgn doa #isupportgaza @infoknrp"
"doa itu senjata ampuh tanpa ongkos tanpa sekat tembus batas bahkan hingga arsy, yuk sllu sisipkan doa utk sdr kt di gaza #isupportgaza"
"10 hari terakhir ramadhan kt jauh lbh nyaman &amp; tenang drpd di gaza, jgn smp kenyamanan ini bikin kt lupa sm sdr kt disana #isupportgaza"
ga ada lagi no 1 / no 2 yg ada pancasila yg sila ke 3 nya persatuan indonesia.bersatu i.allah indonesia bangkit &amp; hebat brg #presidenbaru kt
"""kecewa itu wajar jd ga wajar klu mendewa dan akal sehat lwt.yuk kelola kcwa utk ikhlas menerima skenario terbaik dr tuhan #presidenbaru"""
"""bulan suci udh mau slsi ni, jgn sampe pahala kt yg ga seberapa malah nguap krn prasangka yg ga baik ke #presidenbaru indonesia tercinta"""
jgn sampai berantemnya para elit harus dibayar dgn air mata ibu pertiwi krn menyaksikan rakyat yg dikorbankan #presidenbaru
"""bahwa ada bukti kuat tentang kecurangan silahkan kita bicarakan di @mk_ri jgn jadikan ini obrolan warkop #presidenbaru"""
"kpu sdh memutuskan, selamat utk pak @jokowi_do2 &amp; pak @pak_jk sbgi ri 1 &amp; ri 2 terpilih periode 2014 - 2019 #presidenbaru"
"ini bln suci jd trs positive thinking aja drpd banyakin prasangka yg ga jls,pilpres udh lwt sob skrg banyakin doa biar allah ksh yg terbaik"
"yakin deh klu pak @prabowo08 &amp; pak @jokowi_do2 itu negarawan yg taat sm aturan,mrk pasti nunggu &amp; nurut sm putusan kpu tgl 22 nnt #dukungkpu"
"kpu yg berhak nentuin siapa yg menang bkn lembaga survey, jd buat semuanya yuk ah #dukungkpu jgn ganggu kesucian bln ini sm klaim ini itu"
indonesia pasti bisa bangkit &amp; hebat asal kt patuh sm aturan yg ada dan aturannya adlh hny kpu yg berhak nentuin pemenang pilpres #dukungkpu
hentikan segala bentuk klaim kemenangan dalam pilpres dan dukung kpu tetap independen! lewat @changeorg_id
setuju bang @jonru ayo pak @jokowi_do2 dgn bpk mundur dari dki 1 kami makin yakin klu bpk adlh pribadi yg berani &amp; tegas #salam2jari
"alhamdulillah can @tm2000back klu petugas ngawal srt suara pake fisik kt pake doa can, bersyukur ideologi kt kenal tuhan ;"
"ambil serunya aja ya can @tm2000back klu ngomongin pilpres,biar seneng nya bergilir yg no 2 sekarang senengnya yg no 1 i.allah nnt tgl 22 :d"
hal paling ringan utk bantu sdr kt di gaza ya berdoa.sumpah serapah kt ga ada pengaruh apapun utk keadaan disana #prayforgaza
"""jangan sampai sumpah serapah utk agresi israel malah mengurangi jatah wkt utk mengirimkan doa bagi sdr kt di gaza #prayforgaza"""
sesuatu yg olh org banyak dianggap sbgi kebenaran sejatinya blm tentu sesuatu itu adlh kebenaran mutlak.klaim pun blm tentu sm dgn pasti.
oh ya bro @pasundanm pilihan pilpres mungkin kt beda tp duka kt utk sdr di gaza pasti sama jd yuk kt #prayforgaza xa0bersama..
doa kt semua bro @pasundanm utk indonesia yg lbh baik siapapun ri 1 nya nnt.skrg kt tunggu hasil resmi dari kpu ya :
alhamdulillah banyak yg #sudahcoblospeciprabowo i.allah niat &amp; ikhtiar baik kt di bln baik ini utk #indonesiabangkit dikabulkan olh-nya
"kt pasti mau orang baik jd pemimpin di indonesia,jd bismillah #sayapilih1 xa0pak @prabowo08 xa0jd ri 1 &amp; pak @jokowi_do2 ttp dki 1 @detikcom xa0"
"harusnya jgn golput bu @evarustiani_ tetep usaha utk bisa nyoblos ya,sambil trs berdoa semoga no 1 jd ri 1 dan bawa #indonesiabangkit xa0"
"semangat @nisaiatif_ pilihannya 2 tp klu coblos 2 ga sah, coblos 1 aja ya.doanya jgn lupa i.allah pilihan kita bisa bawa #indonesiabangkit xa0"
lg rame fenomena 7-1 ni.td pagi #bravsger xa0: 7-1.petugas kpps teriak tps buka dari jam 7-jam 1 dan i.allah presiden ri ke 7 nanti no 1 #amin
ia syg @wullaaann doain ya :*
ngingetin lg klu semua calon baik.jgn smp kt kejebak di perdebatan yg naif.tmn kt lbh duluan kt kenal drpd visi misi capres yg kt dukung kan
saya memilih untuk indonesia #net_pilihsatu #net_vote @netmediatama
"""revolusi mental nya mental bang @fadlizon yg jd menarik sama pendukungnya aj masih mental kok ia mau diaplikasikan lbh luas #mikirkeras"""
"setuju pak @prabowo08 krn bicara gnrsi terbaik bangsa bkn bicara tntg latar blkg parpol,brsm rakyat kami yakin bpk bs bw #indonesiabangkit xa0"
i.allah pak @jokowi_do2 xa0tau betul resep utk bawa #jakartabangkit xa0&amp; smg pak @prabowo08 xa0bs bawa #indonesiabangkit xa0yuk kt dukung mereka semua
setiap hari selalu ada doa tulus dari rakyat utk pak @prabowo08 xa0 &amp; pak @hattarajasa xa0rakyat ber 1 insyaallah #indonesiabangkit xa0
brtemu bnyk org yg mendoakan hal baik utk pasangan @prabowo08 xa0&amp; @hattarajasa xa0pastinya menambah kekuatan utk kobarkan smgt #indonesiabangkit xa0
"dirgahayu bhayangkara ke 68 komandan @aji_permana25 xa0smg segalanya lancar, trs berikan yg terbaik utk masyarakat. sukses komandan !"
hari ini puasa hari ini bertugas &amp; hari ini hut bhayangkara ke 68.slmt bertugas rekan2 @tmcpoldametro xa0smg tuhan berikan balasan terbaik
"hut bhayangkara ke 68 ini bertepatan dgn ramadhan,smg semangat bln suci ini jd inspirasi polri utk jd lbh baik &amp; makin baik @divhumaspolri xa0"
"ramadhan itu dahsyat sgl amal kt pahalanya berlipat,smg pribadi kt pun makin hebat agar bs bermanfaat utk masyarakat #indonesiabangkit"
"bro @pasundanm ini kan sdh mulai puasa,yuk kt maksimalkn ibadah kt i.allah niat kt utk bawa bangsa ini lbh baik di dgr olh yg maha mendengar"
"niat baik menyambut bulan baik ini menjdikn smgt utk mmbawa #indonesiabangkit &amp; #indonesiahebat semakin berkobar,tentunya dgn smgt persatuan"
tiap hari rumah polonia penuh sm rakyat. i.allah ini bukti rakyat cinta &amp; brhrp pak @prabowo08 xa0bs bawa #indonesiabangkit xa0
makanya mas @mabrurali kt berjuang bersama supaya kekayaan alam kt sgr jd hak rakyat indonesia. i.allah itu jg cita2 pak @prabowo08 :
jwbn sy bkn jwbn retoris bro @prasugianto1001 klu memang ada salah kata sy minta maaf. smg niat kt utk bawa bangsa ini lbh baik tercapai :
"""bro @pasundanm justru pak @prabowo08 mengingatkan akan kebocoran yg trjd utk diwspadai brsma.apapun pilihannya yuk kt slmtkan indonesia :"""
"""pelangi indah kan krn berbeda pak @antddaw justru inilah indahnya demokrasi di indonesia panas tp ttp adem . slm kenal pak :"""
silahkan dilihat gagasan2 beliau baik video maupun tulisannya pak @antddaw yg jls semua pilihan baik &amp; yg lbh penting kt ttp 1 bangsa pak :
pak @prabowo08 xa0ri 1 i.allah #indonesiabangkit xa0pak @jokowi_do2 dki 1 i.allah #jakartabangkit semuanya putra terbaik bangsa.coblos 1 dpt 2 :
"tmn gue @adityajhe xa0ultah ternyata,hbd bro ! smg makin hebat &amp; tercapai sgl yg di impikan.sukses trs dan bawa #indonesiabangkit xa0"
"""bung @fadlizon xa0yuk ramaikan vila nusa indah,masih sepi ni.kt kobarkan semangat #indonesiabangkit xa0disana :"""
tanpa mengurangi rasa hormat sy pd pak @jokowi_do2 mba @myaalessia apbla bahas ham sebaiknya dibahas jg tentang jendral2 di pihak pak jkw :
bro @prasugianto1001 apa yg dikatakan pak @prabowo08 ga elok utk di jdkan lelucon.siapapun presidennya yuk kt jdkan bangsa ini lbh baik :
mba @myaalessia kebocoran yg pak @prabowo08 sampaikan harusnya mnjd renungan kt bersama.siapapun yg jd ri 1 hrs mampu menutup kebocoran itu
betul mba @meyobba makanya ayo trs kt dukung pak @prabowo08 dgn doa &amp; usaha kt agar beliau menjadi r1 dan bawa #indonesiabangkit xa0
bung @fadlyindree84 yuk kt tunjukkan ke @sahabat_jkw bahwa kt mendukung pak @prabowo08 xa0dgn santun.apapun pilihannya kt ttp 1 bangsa kawan
amin smg niat bung @mrnasution78 dan sy utk jdkan pak @prabowo08 sbgi ri 1 bisa terwujud dan i.allah bangsa lbh baik #indonesiabangkit xa0
setuju dok @drg_lilyretno pak @prabowo08 i.allah bisa bawa bangsa ini jd lbh baik #indonesiabangkit xa0
"pilpres utk bawa bangsa ini jd lbh baik,ramadhan bln utk jdkan pribadi kt lbh baik.yuk di combine semuanya i.allah #indonesiabangkit"
"jgn bahas pilpres aja,ramadhan bentar lg ni.nyambut ramadhan hrs lbh rame dari nyambut pilpres.niatkan utk jd lbh baik #indonesiabangkit"
@sugengp67385552 silahkan mas menentukan pilihan klu sy ttp dukung pak @prabowo08 yg penting ttp inget klu kt 1 indonesia #indonesiabangkit xa0
"setiap ke polonia,liat deklarasi dukungan nyata masyarakat utk bpk @prabowo08 makin yakin klu ikhtiar kt ini akan berhasil #indonesiabangkit"
"sob @mlapangan pak @prabowo08 &amp; pak @jokowi_do2 xa0semua org baik kok.yuk kt dukung capres kt dgn santun.apapun pilihan kt,kt ttp bersaudara :"
"""pak @prabowo08 xa0disaat bpk bicara tentang kebocoran banyak pihak yg malah berdebat tntang angkanya bkn bgmn cara mencegahnya.lucu ya pak :d"""
"@indrasmtp @annaparamitadlm ga boleh lupa,krn kita 1 indonesia. ber 1 utk menangnya pak @prabowo08 xa0sbgi ri 1 yg membawa #indonesiabangkit xa0"
"23 juni dari 2012 - 2014 tgl ini spesial,thanks darl @wullaaann xa0smg kt bisa jd lbh baik ya.bareng2 buat jd lbh baik dan jd yg terbaik :*"
"23 juni dari 2012 - 2014.thanks darl @wullaaann utk semuanya,smg kt jd lbh baik ya bareng2 jd makin baik &amp; jd yg terbaik :*"
"debat capres ketiga, anis matta: prabowo lebih unggul maju terus pak @prabowo08 xa0 bawa #indonesiabangkit xa0"
"semua calon mantep kok,biar makin mantap ri 1 biar @prabowo08 xa0&amp; dki 1 ttp @jokowi_do2 i.allah makin keren negara &amp; ibu kota kt"
"pilihan blh beda tp niat kt memilih pasti utk indonesia lbh baik,jd ga usah berantem.apapun pilihannya kt ttp ber 1 slm #indonesiabangkit xa0"
mlm ini #debatcapres3 smg semakin yakin utk memilih pak @prabowo08 xa0jd ri 1. salam #indonesiabangkit xa0
"sdh banyak aksi nyata utk #indonesiabangkit xa0kt ga blh ketinggalan gerbong kebaikan ini, ayo ikut &amp; berikan yg terbaik utk #indonesiabangkit xa0"
pastinya kt mau #indonesiabangkit xa0&amp; bangkit ga dtg gitu aja.yuk kt berusaha wujudkan #indonesiabangkit xa0berikan yg terbaik utk bangsa ini.
"@gitaagusty yg jadi masalah jumlah kelompok itu banyak bu, makanya ayo sama2 kt cerdaskan bangsa utk #indonesiabangkit #jabarpro1"
"@evarustiani_ @wullaaann ia, bismillah.. doain biar lancar :"
"berbeda itu wajar,pelangi pun indah krn ga sama.jd ayolah jgn saling hajar krn kt ttp saudara.apapun pilihannya kt ttp 1 bangsa 1 indonesia."
hbd pak @jokowi_do2 xa0smg selalu dlm keberkahan &amp; lindungan nya.smg amanah &amp; sukses menjalankan sumpah gubernurnya sampai akhir.sukses pak :
"""jgn sebar fitnah ini itu,kt bicara gagasan sj.jgn hilangkan ciri utama bangsa kt santun .apapun pilihannya kita ttp 1 indonesia #jabarpro1 xa0"""
"""pak @prabowo08 xa0 &amp; mas @jokowi_do2 adlh putra terbaik bangsa,ibu pertiwi tersenyum sejenak melupakan galau nya. jd ayo kt ber 1 #jabarpro1 xa0"""
"bukan berarti ketika kt telah menjatuhkan pilihan,pihak lain menjd lawan.semua ttp anak bangsa 1 nusa 1 bangsa. ayo ber 1 kawan #jabarpro1"
memilih itu itu dgn hati.dgn kemantapan hati bismillah sy memilih @prabowo08 sbgi ri 1 #jabarpro1 @aheryawan @pksjabar xa0
"sempatkan wkt utk mensyukuri nikmat tuhan,puji dia dgn tulus.percayalah bahwa tuhan akan berikan kemudahan pd kt apabila kt mengingatnya"
"silahkan kampanye capres jagoannya,tp jgn lupa klu kt semua bersaudara 1 tanah air 1 indonesia.semua calon itu baik kok makanya ayo kt ber 1"
"ini dia aktifis @ratnaspaet xa0berani lawan arus,idealisme nya bisa sesuai dgn realita bkn malah kalah bahkan hilang. mantap ! #aktifis xa0"
"menjadi aktifis tentu ga bisa krn pencitraan,krn aktifis ada di tataran realita bkn awang2 belaka.aktifis ga bisa niup angin surga #aktifis xa0"
"aktifis itu cerita,cerita tentang keberanian menyampaikan kebenaran cerita tentang di olok2 krn berbeda dgn org kebanyakan #aktifis xa0"
"""aktifis itu banyak main di daerah panas tp jiwa aktifis yg sejati bakal buat hati &amp; pikirannya jd adem ga ikut2n panas #aktifis xa0"""
"aktifis jg hrs bicara apa adanya bkn ada apanya,lawan arus klu memang arus nya mengarah kpd keburukan bhs kerennya anti mainstream #aktifis"
"aktifis itu seyogyanya punya gagasan,mengkritik tp menyiapkan paket solusinya,idealismenya terjaga meski harus kompromi dgn realita #aktifis"
"""klu mau di samain,aktifis itu hampir sm kyk honoris causa krn itu gelar yg diberikan entah olh media atau teman seperjuangan #aktifis"""
"aktifis.kata2 itu belakangan sering muncul di media utk mengenalkan seseorg.baik di media cetak,online,jg socmed #aktifis"
"@annaparamitadlm itu hal biasa yg luar biasa, niat baik itu walaupun blm dilakukan udh 1 pahala lo. semangat bu !"
"dokter bkn tntang materi tp tentang mengabdi &amp; melayani.pengabdian itu dari hati,tulus melayani.selamat hari dokter para insan hebat @pbidi xa0"
"dokter utk bangsa,mewujudkan indonesia sehat yg berdaulat.20 mei 1908-20 mei 2014, 106 th idi mengabdi.selamat hari dokter :"
"tentunya bkn tiba2 tuhan akan memberikan hasil yg terbaik.tingkatkan usaha kt,perbaiki kualitas pribadi kt,buktikan kt pantas dpt yg terbaik"
domain kt ikhtiar berusaha semaksimal mungkin utk hasil yg terbaik setelahnya sdh domain tuhan utk memberikan hasil yg terbaik
"""ayo kt ramein #konstelasipolitik yg lg hits ini dgn nyanyian merdu,kt buat menyenangkan.niat kt baik dan smg hasilnya pun adlh yg terbaik"""
"""dinamikanya emang gitu,tp emosi hrs bisa kt atur. iklim yg panas itu keniscayaan bro dan kontrol emosi itu keharusan #konstelasipolitik"""
"itu dinamika yg ga bisa kt batasin.itu tentang pilihan pro &amp; kontra,mana yg menurut ane bgs mana yg menurut ente ok #konstelasipolitik xa0"
"""dari pileg smp pilpres nanti iklim disini pasti panas kawan.gagasan beradu,negative &amp; black campaign pasti berserakan #konstelasipolitik"""
"@wullaaann ia syg, nanti dibeliin klu harganya dibawah 20rb :p"
"@tampano setuju bang, jgn sampe begini #pileg2014"
"hbd darl, smg selalu jd lbh baik &amp; makin baik. thx utk semuanya ya, your the best :* @wullaaann"
[video] orasi ustadz hilmi di gbk: saya mungkin tidak akan bisa menyaksikan ini lagi
"selamat kang @poundradhisatya, amanah itu memilih pundak yg sanggup utk memikulnya. buktikan klu you are the best. smg ismki jd lbh baik :"
"""spirit langit akan selalu benar, ayo yakini &amp; terus pelajari pasti akan banyak inspirasi yg menjadikan kita pribadi yg lebih baik lagi"""
"""spirit langit memang aneh,buat kita hujan itu menyebalkan tp tuhan melalui ayat nya &amp; lisan rasulullah mengatakan bahwa hujan adlh berkah"""
"@robbyaryadilla di duren sawit ada nilai ketenangan,ketegaran,kesabaran di wkt yg sama ada permainan kekuasaan,kepentingan,juga ancaman tadz"
"""@robbyaryadilla spektrum luas tentang kehidupan ustadz, politik hanya sebagian kecilnya. spirit langit dari firmannya al-insyirah ayat 7"""
"tuhan tdk tidur,kebenaran jg tdk akan tertukar meskipun gelap.apapun yg terjadi semuanya pasti skenario terbaik,so be positive &amp; enjoy it."
@wullaaann @aji_permana25 konsekuensi logis syg kakanya ya pasti hrs syg bgt juga sm adk nya. sayang kalian semuaa :
"@aji_permana25 congrats komandan, smg jd polisi yg baik,polisi yg benar2 mengabdi utk kebaikan. sukses komandan !!"
"kawal &amp; awasi sjsn,smg sesuai harapan pemerintah siapkan 12 pp, 5 perpres dan anggaran rp 19 t untuk sjsn"
"@wullaaann semangat syg belajarnya, sukses ya ujiannya dokter cantik :*"
musyawarah wilayah ikatan senat mahasiswa kedokteran indonesia wilayah 2 di fk unjani bandung.panas tp ttp kekeluargaannya terasa
@annaparamitadlm hahahaa makanya cepetan itu suruh ke darat
@annaparamitadlm itu kode ya bu bidan ? hahaa
"@fanipy @diyamunzir @radian_ak @rizkiovianti @tayesrp alhamdulillah, semoga semuanya sehat dan kita ada kesempatan utk ketemu yaa"
"@radian_ak @novaldipramudi @lhan_wulan @ranimeiliana @diyamunzir @rizkiovianti @fanipy @tayesrp wah terharu, lengkap semuanya"
@wullaaann @riiiiia pasti dong :*
"@radian_ak yang ini lebih radikal, cocok sama kepribadian si empu nya tweet"
@radian_ak opsi yg ketiga kurang gentle deh pak sepertinya
"@radian_ak harus pak, jgn di pendam. yg jls tetap santun dlm proses kritik supaya pesannya tersampaikan dgn utuh."
@radian_ak menarik ni kayaknya
"""munas lkmi hmi yg ke 12 ini mengambil tema kepemimpinan nasional transformatif untuk mewujudkan indonesia sehat tanpa sekat """
hari ini diberi kesempatan utk hadir di munas ke 12 lembaga kesehatan mahasiswa islam hmi yg dilaksanakan di uin ciputat
"""@franz_s_yoga bisa bgt krn kt berusaha utk menyamakan frekuensi bang,prosesnya yg seru datengin banyak inspirasi.thx utk inspirasinya bang"""
acara hebat : konferensi nasional penyiapan sdm yg berdaya saing melalui pembangunan berwawasan kependudukan. gedung nusantara v dpr ri.
"""dan mau minta maaf ke dokter cantik @wullaaann xa0krn 4 hari ini jd lbh sibuk, sibuknya jg kan utk nanti syg jd maafin yaa :*"""
"banyak pilihan pendidikan lanjutan stlh menjadi seorang dr, ada pendidikan kedokteran ada kebijakan kesehatan dan masih banyak yg lainnya"
"dan bkn hanya tentang metode pendidikan kedokteran, tetapi acara ini semakin menyadarkan bahwa pendidikan lanjutan kita bkn hanya spesialis"
semakin seru ketika @franz_s_yoga xa0berbagi pandangan kritisnya tentang evaluasi pendidikan kedokteran di
"tentunya banyak sekali hal baru yg di dpt dari 2 acara itu,semakin terbukanya wawasan tentang pendidikan kedokteran khususnya di indonesia"
"beribu terimakasih kpd prof.dr.anwar jusuf,sppk krn telah memberikan kesempatan utk hadir pd jakmed di fkui &amp; pit perpipki di fk marantha"
"4 hari yg luar biasa, berinteraksi langsung dengan banyak orang2 hebat di acara hebat."
"@franz_s_yoga alhamdulillah baik bang, abang gmn ? no hp sdh di dm ya bang :"
"""tdk mungkin para dokter bisa memuaskan semua pihak,dokter bkn penentu mati atau hidupnya pasien.jgn paksa dokter utk merampas hak tuhan"""
"apapun yang terjadi dokter akan tetap melayani.silahkan komentari semua aksi kami,satu hal yg pasti kami tak akan pernah lelah utk mengobati"
"dokter tdk gila hormat,para dokter hanya berharap agar masyarakat paham bahwa dokter adlh manusia biasa yg tdk bisa menghalangi kematian"
contact @adityajhe xa0bos persija tinggal cari satu pemain untuk musim baru via @detiksport
dgn melakukan hal2 kecil td kita tlh meringankan beratnya tugas mrk dan kita tlh menghargai jasa jasa mrk #haripahlawan
"ayo hargai mrk dgn hal2 kecil buang sampah di tmptnya,patuhi rambu lalin,dengarkan ketika guru/dosen sedang memberikan materi #haripahlawan"
"""menghargai pahlawan ketertiban yg rela trs dijemur demi tertibnya keadaan &amp; lancarnya lalu lintas kita #haripahlawan"""
mengingat jasa para pahlawan adlh kewajiban bagi kita.mengingat jasa para pahlawan adlh ciri sebuah bangsa besar #haripahlawan
mengheningkan cipta adlh penghormatan yg layak kita berikan kpd para pahlawan yg telah gugur di medan juang #haripahlawan
hari pahlawan bkn sekedar hari utk mengheningkan cipta &amp; mengingat jasa para pejuang kita. bukan sekedar itu kawan #haripahlawan
"@ullafa thanks aina, semoga kita jd lbh baik &amp; makin baik ya. ayo makan2 uni aina hahaa"
@nidanabilah terimakasih ibu sekretaris @hmpdfkkumj smg kita semua bisa lbh baik &amp; makin baik :
@dhityoprima terimakasih warga benhil yg di ekspor ke malang hahaa. smg kt jd lbh baik &amp; makin baik ya. ayo kita ke sederhana benhil pak :d
bukti tuhan masih syg &amp; masih kasih kesempatan utk trs memberikan yg terbaik utk semua.tks utk segala doa smg kt jd pribadi yg lbh baik :
@nonamonic wah mantap mantap salam sm papa nya bos smg kt jd lbh baik dan makin baik.doanya biar segalanya lancar &amp; lancar jg sm @wullaaann xa0
"@wullaaann aminnn. thanks darl, doain ya biar semuanya lancar dan kt jd lbh baik serta makin baik :"
smg moment ini menjadi bukti hebatnya pemuda indonesia.pemuda yg penuh cinta dan trs bekerja dgn harmoni utk nkri yg lbh baik #sumpahpemuda xa0
pertanyaan td adlh sentilan utk kita pemuda.ayo renungkan lg makna sumpah pemuda.jgn sekedar mnjadi ceremonial tematik belaka #sumpahpemuda xa0
"sdh bangga menjadi bagian dari indonesia,sdh bangga dgn bahasa indonesia,dan sdhkah kita berikan yg terbaik utk nusa bangsa ? #sumpahpemuda"
happy milad &amp; selamat hari dokter bos @nonamonic semoga semakin hebat dan menjadi dokter yg tulus mengabdi.nitip @wullaaann xa0 ya :d
"@annaparamitadlm thanks bu bidan, semoga tenaga kesehatan di indonesia bisa trs bekerjasama utk indonesia yg lebih baik :"
selamat hari dokter nasional juga dokter cantik @wullaaann xa0semangat koas nya ya sayang semoga semua lancar. be the best darl :*
"semoga di hari dokter nasional ini,kita para calon dokter semakin paham arti mengabdi &amp; semakin mengerti arti berbakti @ismki_indonesia"
mengabdi &amp; berbakti utk bangsa serta masyarakat adlh keharusan bagi setiap dokter. selamat hari dokter nasional &amp; dirgahayu @pbidi yg ke 63
selamat syg. semoga dgn gelar s.ked nya bisa semakin hebat &amp; semakin bermanfaat. doanya jgn lupa biar semuanya lancar ya syg @wullaaann xa0
@annaparamitadlm sudah bu :
semangat sc nsol yg paling cantik @wullaaann love u darl :*
"""@drpermana @franz_s_yoga waduh, bang deril udah ngomongin munas bukan kode kan ya :d"""
"@franz_s_yoga @wullaaann hahaa udh lama ga contact sama abang super ini, semoga ada wkt utk ketemu &amp; ngobrol banyak hal super lagi bang :d"
"@yogamirza thanks bung, doakan semoga bisa menghasilkan kader2 sejati yg siap memimpin ismki dgn sepenuh hati :"
"rayakan kemerdekaan, trs sebarkan cinta dgn kerja sepenuh hati utk terciptanya harmoni. dirgahayu nkri yg ke 68. merdeka ! #indonesia68th"
salah satu cara bersyukur itu dgn yakin banyak hal positive yg ada pd bangsa kita tdk melulu percaya klu bangsa ini terpuruk #indonesia68th
"merdeka itu reward dari tuhan utk bangsa kt, indonesia. ayo terus bersyukur maka nikmat &amp; keberkahan dari nya akan bertambah #indonesia68th"
@amrilbillahmar mantap ! berarti thr ga ngaruh ya pak
"@aji_permana25 hati2 komandan, sukses ya. maaf blm bisa silaturahim langsung. be the best bro :"
"usaha udh maximal selebihnya udh domain nya tuhan syg, trs doa trs yakin &amp; trs siap utk battle sm sidang nya. be the best darl @wullaaann"
"@dhityoprima ok booss benhil, kita tunggu.. senang2 kita nanti hahaa"
"nah cocok ! @rrkondor rt @detikcom: kisah penggemar fanatik, mulai dari jadi agama hingga mengaku suami via @detikhot"
"""semoga kita semakin yakin semakin kuat semakin dekat semakin siap utk bersiap dan pastinya menjadi semakin dewasa. love u @wullaaann :*:*"""
"love u darl. ini lbh dari skdr first aniv, ini tentang keyakinan kekuatan &amp; kesabaran serta utk semua anugrah ini @wullaaann"
kawasan om @dhityoprima ni rt @detikcom: bocah 2 tahun jatuh dari jembatan transj benhil
"@wullaaann @nadia_indri halloo bos hbd ya, smga selalu bisa memberikan &amp; mendptkan yg terbaik. wish u all the best bos. god bless ya ;"
"""biasa @tayesrp buat mimin @voaislam berita yg pnting panas entah bnr/slh itu brta. mrk kan ngerti bgt tabayun udh ga perlu diajarin lah ;"""
"""skt itu pencuci dosa &amp; saat ortu skt selalu ada arti lebih dari apa yg kita sebut dgn berbakti . skenario tuhan pasti yg terbaik. gws ayah."""
"@dhityoprima @aliefakew bos maaf baru nongol, mohon doa ya bokap lg dirawat ni. oh blh bgt ke ciputat ada jamuan khusus utk anak gaul benhil"
"""@triputra_nf @vichacaca @naimora klu putra ga tau hrs ngomong apa lagi dah klu dia bener jd fasil semoga waras dia nanti :d"""
"""@triputra_nf @vichacaca @naimora bpk ibu maaf baru nongol,mohon doa nya ya bokap lg dirawat. klu sela emang rada katro vicha jd ga tau dia"""
"@wullaaann nite darl, nice dream ya.. doanya jgn lupa biar ayah cepet sembuh.. love u :*"
min @prambors tweet acara kita dong @mmf_fkkumj udah h-1 niih kan janjinya h-7 hehe atau disiarin bisa kali ya :d
"pikirin kjs aja sekarang, gagal itu rt @detikcom: jokowi: sampai detik ini saya nggak mikir nyapres via @detikforum"
"@radian_ak @auliaulll hahaa ini murni rezeki aul, udh lama ga nraktir tu bocah :d"
"semangaat bos, ujian lo selesai gw mau berbagi rezeki ni tapi klu ujian lo lancar ya rt @radian_ak: masih ada 4 lagi yang harus dihadapi"
"semangaat @fanipy @radian_ak @tayesrp utk ujiannya, be the best guys.. gw, @diyamunzir sm @rizkiovianti pasti support kalian. sukses !!"
"@boyloe90 hay pak, gmn kabar ?"
mau blg thanks kpd tmn2 @kemafkunpad yg sdh menginspirasi adk2 @fkunpad_2012 utk memberikan banyak inspirasi pd acara @ip1_fkup ini :
"dan semua teman2 fk unpad terutama angkatan 2012, sukses berbagi inspirasi dahsyat nya di acara #dreamspiration @ip1_fkup @ismki_wilayah2"
"""sebar inspirasi, smg kita menjadi pribadi yg dpt menangkap inspirasi serta pribadi yg inspiratif #dreamspiration @ip1_fkup @ismki_wilayah2"""
"""dan menjadi tanggung jawab kita para pemuda utk mewujudkan mimpi besar yg menjadi inspirasi kita #dreamspiration @ip1_fkup @ismki_wilayah2"""
"""acara ismki project 1 @ip1_fkup sdh selesai, banyak sekali inspirasi dari acara yg temanya dreamspiration ini @ismki_wilayah2"""
"""kjs hrsnya utk rakyat bkn utk popularitas rt @detikcom: video : 16 rumah sakit mundur dari kjs via @detik_tv"""
@wullaaann thanks darl.. doain uang nya cukup ya :d
"""take care darl.. thanks ya utk semua, maaf selama di jkt cuma running mall .. love uuu darl :* @wullaaann"""
"di jkt juga @wullaaann siap nm 24 jam bos, tgs2 nya i.allah aman :rt @tio_vp: @wullaaann coba cepetan pulg deh. minggu depan kita nm rutin."
beberapa hari ini jalan2 skrg wkt nya dinas ya @wullaaann berikan yg terbaik syg sukses ya rapat nya :*
"@wullaaann love u darl.. maaf ya agak lama, macet ni.. take care ya.. :*:*:*"
"gws darl, ayo cpt sembuh biar jln2 mkn2 senang2 lagii.. biar bisa traktiran, bisa semua muanya.. love uuu darl.. cpt sembuh ya @wullaaann :*"
"""@fanipy @diyamunzir @radian_ak @wullaaann @tayesrp @rizkiovianti makanya fani tentuin tgl skrg biar obrolannya ga muter2 di bls ga bls aja"""
bayernnnn !!! :d rt @detikcom: bayern ungguli barca 3-0 lewat gol robben
"@fanipy @diyamunzir @radian_ak @wullaaann @tayesrp @rizkiovianti fany atur makanya wkt nya, fany jd pj ya atur wkt nya biar fix."
@diyamunzir @radian_ak @wullaaann digabung aja sm traktiran @tayesrp biar makin meriah makan2nya hahaa pd setuju ga ? @fanipy @rizkiovianti
@wullaaann aminn.. thanks ya utk semuanya.. love uuu darl :*:*:*
"hbd darl. sukses utk semuanya ya,hrs jd lbh baik &amp; makin baik,selalu bisa mmberikn &amp; mendptkan yg terbaik. be the best honey :*:* @wullaaann"
"""pro kontra un selalu jd bahasan hangat tp bgmnpun un must go on jd jgn hbskan energi utk bahas itu skrg, skrg berikan smgt utk adk2 kt ;"""
"gmn un hari pertamanya @suci_sosiawati @zulfamali @febbyverdy @puputazwari &amp; tmn2 yg lain ?. semangat ya, yakin yg terbaik utk yg terbaik :"
"tmn2 @diyamunzir @fanipy @radian_ak @rizkiovianti nnti kita tagih traktiran dari @tayesrp pas dm ya, kemungkinan dm nya tengah minggu ini :"
"sukses un nya adk2 smk bunda auni. be the best, yakin yg terbaik utk dpt yg terbaik. usaha maximal doa jg harus maxi ya cc : @suci_sosiawati"
"""krn cinta akan membuat kita bekerja semakin ikhlas dan keikhlasan membuahkan harmoni yang menentramkan tanpa terbawa arus keabu-abuan """
hadapi dinamika ini dengan cinta demi munculnya keikhlasan utk trs bekerja hingga harmoni menjadi nyata
"""tapi sudahlah, biarkan keabu-abuan hitam dan kepentingan terus bermain karena memang dinamika ini akan membuat semuanya jd pemain"""
"""sangat banyak yg terbawa arus judge hitam percaya tanpa sarat pada opini yg dikembangkan si pemilik kepentingan """
"""dibuat opini, seakan adalah hasil telaah dari fakta yg ada lalu opini tadi dilempar dan akhirnya muncul judge hitam atas abu - abu tadi"""
"""dan tdk sedikit yg nyaman bermain di keabu-abuan itu bahkan mencoba menghitamkannya utk keuntungan pribadi atau golongan tertentu"""
"dinamika itu begitu cepat bahkan sgt cepat sehingga antara benar dan salah hampir terlihat sama, abu - abu.."
@wullaaann love uuu darl.. doain ya biar lancar osce nya :*:*:*
"""mentri ukm nya lg sibuk sih ya :p rt @detikcom: mayoritas ukm di indonesia belum layak masuk masyarakat"
@wullaaann gara2 pak jok*wi yg terhormat ni syg. krn udh terlanjur dipuja org banyak jdnya dunia kesehatan terkhusus dokter jd tumbalnya.
"@arian_r_amalia hahaa betul arian, programnya blm dipikir matang2. contoh kjs amburadul kan tu program,dokter jd tumbal gubernur makin tenar"
sama lebih jujur juga ya om rt @detikcom: abraham samad janji lebih galak via @detikforum
semoga tepat sasaran &amp; bkn utk pencitraan rt @detikcom: kartu jakarta pintar mulai dibagikan via @hariandetik
""" cuci tangan ya om :p rt @detikcom: abraham samad: perbuatan wiwin tanggung jawab pribadi"
"bertumbuh itu tidak nyaman, karena hanya ikan mati yang terbawa derasnya arus."
"""@wullaaann love u darl.. semuanya pasti yg terbaik kan.. semoga dahsyatnya kekuatan one year bisa bikin cpt sembuh ya.. love uuu :*"""
"""@thenewaa_omes @nadia_indri wuidih.. kenapa jd ada kalimat ga takut sm sekali terkesan saingan jd nya.. bukannya case close ya ? :d"""
@nadia_indri @thenewaa_omes @wullaaann oalah.. mau banget di rayu ya mas ? hahaa
"hwd &amp; barakallah mas @giovanni_empel semoga menjadi keluarga samara, keluarga yg bermanfaat utk semua terutama utk @ismki_indonesia"
@auliaulll sudah ibu sekretaris :d
"""@wullaaann hahaa love u darl.. smga ketemunya kita di hari gizi bikin hubungan kita makin bergizi &amp; bikin kita semangat utk slg berbagi :*"""
"hari gizi nasional,lbh dari sekedar seremoni makna hgn akan lebih berarti dengan aksi. ayo berbagi &amp; memberi utk gizi anak negri yg lbh baik"
hbd artis ibu kota @andiiqbal semoga makin jaya makin laku dipasaran.. semoga semoga semoganya tercapai booss :d
"@radian_ak sorry cuy, lg ada kerjaan tiba2.. nnt gw confirm ke lo.. agak kacau ini.."
"""@wullaaann alhamdulillah syg, ini kan blm final. bersyukur &amp; kawal penghitungannya biar teman kita ga macem2. jgn lp sujud syukurnya ya :*"""
"@gandhisapriw @radian_ak belakangan nasibnya udh membaik dan skrg makin baik doakan kedepannya dia jd lbh baik, dia hebat dhis ;"
"semangaat syg nm nya, semoga apa yg dibicarakan bermanfaat dan manfaatnya dirasakan sama semua fk di seluruh indonesia. love uuu @wullaaann"
"@radian_ak @gandhisapriw biasa nganggur sekalinya sibuk begaya dia, maklum aja dhis"
"@chahyantianggra ngga kok cahya, masih yg lama. gmn kabar tmn2 yg lain ?. sukses ya semuanya :"
@wullaaann siaap.. salam juga buat semua ya. madunya jgn lupa diminum syg :*:*:*
semangat teman2 phw &amp; delegates utk muskerwil hari ke 2 @ismki_wilayah2. semoga acaranya lancar dan bisa menghasilkan keputusan2 terbaik ;
"@chahyantianggra alaik salam, alhamdulillah baik cahya, cahya gmn ? :"
@wullaaann ia syg.. makasih ya.. jgn lupa sholat dzuhur sm doain bunda biar cpt sembuh.. love u :*
@wullaaann hayoo.. ada tweet begini ni skrg..
"hahaa syg @wullaaann.. hay @aji_permana25 hbd ya, semoga makin sukses, selalu bisa memberikan &amp; mendapatkan yg terbaik. kadonya di teteh tu"
udh lama ga mention para staff hubeks yg super super hebat @diyamunzir @fanipy @radian_ak @rizkiovianti @tayesrp tetap semangaat semuaa :
"hay @daniadanish, ini syg @wullaaann alamatnya : jl. t. iskandar no.46 depan pasantren lambhuk nbanda aceh."
@wullaaann ia sayaang.. makasih ya. maaf kalau dari kemarin banyak salah. love u love uuu..
"semangat syg. jgn pernah blg wkt jaganya lama ya, krn ga semua org bisa punya wkt yg lama utk berbagi manfaat. be the best darl @wullaaann"
"@wullaaann @nonamonic jawabannya bkn bener atau ngga, tapi apa yg udh terjadi dari 23 juni 2012 smpe mlm ini.. :p"
"@mailiya_ wah kurang tau wulan,tp kyk nya udh balik sih. kebetulan blm pulang ke rumah lagi"
"ia tu dgr kata adk mu, lbh bijak lah rt @fanipy: sttt jangan gitu bang rt @radian_ak: ilmu lo gak bakal berkah bro"
tmn2 @femoralis11 &amp; @fkumj2012 yg mau apply utk jadi phw ismki wil 2 nnt sore ada diklat utk ngenal lbh jauh apa itu ismki cc:@hmpdfkkumj :
"teman2 @diyamunzir @fanipy @radian_ak @rizkiovianti @tayesrp tugas2 nya jgn lupa ya, yg lagi liburan jg oleh2 jgn lupa.. semangat semua.. :"
"""@radian_ak kode banget ini, di wkt lagi oprec pula hahaa"""
"sdh 8 th musibah tsunami di aceh berlalu. smg kt semua bisa belajar &amp; mengambil hikmah dari musibah itu, smg kt semakin peduli pd sesama."
"@radian_ak @fanipy ia makanya kalian atur waktunya, oh ya foto apa kabar ? mubazir itu klu ga diambil"
"@radian_ak @wullaaann @fanipy siapa ya yg disuruh kumpul pd susah,siapa ya yg disuruh ambil olh2 dikmr ga nyamper. makanya sgr atur tgl fix"
"dari ukrida tambah satu min, bintang cohen : rt @ismki_indonesia: perwakilan ismki ada trahmono, immanuel"
pelantikan pb idi masa bakti 2012-2015 di grand sahid jaya jakarta. semoga para pengurus bisa memberikan manfaat kpd masyarakat @hmpdfkkumj
"""@nadia_indri @lauraputeri @wullaaann @wibowo88wahyu hahaaa pj nya nnt aja ya, pas waktu nya makan sepuasnya deh :d"""
kesempatan itu pilihan. apakah kita mau menggunakan dan menjadikannya hal positive atau membiarkannya berlalu tanpa hasil. happy friday :
"@wullaaann thanks darl, doain ya biar amanah dan bisa memberikan yg terbaik. love uu :*"
alhamdulillah. akhirnya tiba di jakarta dgn banyak cerita dari @firstimss sekali lg thanks ya tmn2 panitia. sukses semuaa :
"bos @aliefakew tol dalkot macet, nnt mendingan lewat ancol deh. titip @fanipy yaw :"
kabar baik utk tmn2 @hmpdfkkumj kita terpilih utk melaksanakan tender lkmm nasional 2013. semangaat :d
"@wullaaann udah ada sayaang, nnt ya wkt ketemu dikasih :*"
thanks panitia @firstimss. izin pulang duluan ya. awal yg baik utk hasil yg lbh baik. semoga acara kita bermanfaat utk semua :d
"@raisarei tunggu release resmi ya rei, disiapin dulu aja semuanya ;"
"agenda imss pagi ini, rekomendasi kpu dari tiap wilayah lalu tenderisasi. doakan agenda lancar tmn2 @hmpdfkkumj"
"@raisarei hay rei, alhamdulillah sehat.. silahkan rei ada apa ?"
pembayaran iuran ismki tetap seperti th lalu dan deadline pembayarannya adalah 2 bln setelah munas. semangaat cari duit tmn2 @hmpdfkkumj
"agenda @firstimss skrg adlh rekomendasi dari tiap wilayah utk kepengurusan ismki, smg rekomendasi ini menjadikan ismki lbh baik @hmpdfkkumj"
"@wullaaann siaap sayaang, makasih ya.. love u :*:*:*"
"hari ke 3 imss.agendanya kampanye casekjenter,pemilihan sekjenter,penutupan munas dan pembukaan mukernas. doakan lancar tmn2 @hmpdfkkumj"
"@fanipy udah sampe fan, tp lgsg diarahin ke penginapan ni.."
semoga spirit dr.hafiz bisa menjadi inspirasi kita utk bergerak &amp; memberikan manfaat utk semua @hmpdfkkumj
flight to pontianak fakultas kedokteran univ. tanjung pura for 1st indonesia medical student summit. semoga lancar dan tdk ada hambatan
"@wullaaann thanks darl, doain semoga ga delay dan lancar perjalanannya :*:*:*"
semangat capt @adityajhe &amp; teman2 timnas futsal putra putri @hmpdfkkumj yg sedang bertanding di medusa cup fk usakti. sukses semua :d
semoga para delegasi pspd fkk umj di acara iims kali ini bisa mengikuti acara dgn lancar serta bisa berbagi cerita dan manfaat pd tmn2 semua
"pspd fkk umj pd acara iims ini mengirimkan 13 delegasi, 8 delegasi m2rc fkk umj dan 5 dari @hmpdfkkumj"
"oh ya mohon maaf, utk delegasi ada juga staff dari dept. psdm @hmpdfkkumj yaitu @haldisjovian jd total ada 5 delegasi dari hmpd fkk umj"
di acr iims ini akan dibacakan lpj sekjen ismki lalu sertijab antara sekjen ismki kpd sekjenter &amp; dilakukan pemilihan sekjenter selanjutnya
"1st indonesia medical student summit adlh acr pertama dimana munas ismki,bapin &amp; bpn disatukan jg ada seminar nasional &amp; pastinya city tour"
"sore ini bpk ketua, bpk deputi &amp; staff ahli hubeks akan berangkat ke pontianak. mohon doanya teman2 @hmpdfkkumj semoga perjalanannya lancar"
"@danusrangers sudah bos. u are what u think klu percaya 20jt bisa dpt pasti bakal dpt. go danus, target pasti dpt, bisa lebih malah :d"
"@raisarei sama2 rei, maaf telat ya. semoga rei jd lbh baik &amp; makin baik, selalu bisa memberikan &amp; mendapatkan yg terbaik. sukses rei :"
"ada yg lagi begadang utk ngerjain laporan kkn nya ternyata. semangaat sayaang, klu udh langsung istirahat ya :*:*:* @wullaaann"
