"@kdrama_menfess aku #loudly crying face# apalagi ffmw, udah rewatch smpe lbh dari 3 kali asliii"
tempat yg benar-benar paling dirindukan dari balige.
"""@music_fess denger lagunya yg girlfriend sbnrnya dah lama. tp br tau kl itu penyanyi nya avril pas smp, dari temen krn pas mau performance di english day kita sekelas nyanyiin when you re gone nya, suka sejak smp itu, lagu2 nya enak, relatable wqwq."""
@sonyabasamidam semangat kak anyaaaa
"""@sinterkeleus sumpah we aku liatnya jam segini : """
pengen ngetweet tp gatau mau ngetweet apa hehe
@nafanistiya sedih bgt yg terakhiiiir:
@nafanistiya iyaaa ngeselin bangetttt wkwkwkwk. kok bisa ya mereka bls nya berjam2 kemudiann
"@nafanistiya sama naff, kdg nyesel sendiri kok secepat itu balesnyaa tp ga mungkin di unsend:33"
"knp ya aku tu bls chat nya secepat2nya, sdgkan dia bls nya 6 jam kemudian kan kesal pen jambak tp gbsa.-."
@_jordanaelp emang ga pernah jelas kau jooo
@_jordanaelp contoh nyaa
"yang dibilang cuman 3 kata,, tp pikiran dah sampe kemana-mana. oalah ini otak kenape ye:"
@netmediatama cantik banget teh hesty:
@claudiaclo5 wkwkwk ga ngerti lagi la clauuu
@ernestprakasa @mutiananda12 kok coki sitohang pulak
"""bapak yg sembunyiin tabletnyaaa: pdhl dah nangis2 dia kan dimarahin. ternyata di sembunyiin krn si jane nyembunyiin rokok bapak. ini gatau antara mau sedih ato ketawa. oalah tahe.-."""
"kan takut yakan siapatau diambil org. trs kami mikir mungkin dibawa sm bg andre, eh ternyata engga juga. si jane dah sampe nangis kejer krn dimarahin mama, akhirnya di telpon la bapak. eh ternyataaa"
"entah lah, ga ngerti sm bapak jahil nya kelewatan kadang.________. nceritanya ga keliatan la ini tablet mama, yg terakhir megang si jane. dah dr siang smpe sore dicariin terus smpe ke pelosok2 rumah, ga keliatan. dah marah la mama tu kan, takutnya si jane narok nya di toko."
saatnya ku harus berubaaaahhh
makasih orang2 baik hari iniiii
"""@judobanjarnahor duhhh makasih judoooo: ku terharuuuu :"""
"@judobanjarnahor duh judoooo:"" tp capek sedih2 lagi juudd"
@zakkariassi @mwv_mystic titip apa bwang
ngetawain kebodohan masing2
"@assfess lg ga cakapan tp ampe skrg, males in soal nya, aku terus yg disalahin-_- pdhl dia blm dngr penjelasanku, pdhl aku cmn butuh logika dan saran dr sudut pandang dia."
@nafanistiya capek yaa nafff:
knp yaa ig kok gbs ngeliat siapa aja yg udh ngeseen story:
bct bgt g punya perasaan hahahaha.
@ruben_ini @judobanjarnahor mantap bend
"@ruben_ini uhh, mantap ben. aku terharu"
ksl smpe ke ubun2.____.
cantik bulannya hari inii
hapal ampe mampus ya jane lagu2 oor
padahal tujuan sebenarnya mau ngajarin yg satu ini naik sepeda
ini emak2 jd ikutan main sepeda anak sd woi wkwkwk duh emakq
"dah lulus sma, tp muka kek anak sd, masih lumayan cocok la make sepeda anak2"
ternyata kena minyak panas di leher lbh sakit drpd kena di tangan ya:3
pagi2 si ula dah muter usai disini-raisa #face without mouth# #face without mouth#
"human diary, smp kl lg boker pun melapor dl"
"cuman si geger orang yang earphone nya rusak, datang ke rumahku buat ngadu._."
":"" nparah."
"yang satu dari dulu udah jahil, lasak sampe ke ubun2, yg satu lagi tukang nangis, ngambek makanya yg satu makin puas buat ngegangguin, paket lengkap emg #ok hand sign# #thumbs up sign#"
onan raja-kantor pu-soposurung-juara monang-siahaan balige-beli burger-indomaret. nmantap emg jenjalan sm bocil sekalian uji nyali ngelewatin itu semua malam2 apalg kantor pu gadak lampu jalan nya nbocil yg 2 lg sibuk milihin minum:
@nafanistiya @karinzhr @iyuma_ huaaaa mantap kaliaaaan
"tht, nterima nhadapi ntaati nhappy sunday!"
nasi goreng #pig face# ala aku dan bapak hehe
enak yg versi lyon!
@ruben_ini wkwkwkwkwk mau kau? siniiii. serius ku kasi kalo kau datang
"mama: kak ini masih ada ubi ungu nya, masakkan dulu kue kaya yg kemarin itu, enak loh. naku:"
"@inssptr duhh, bisa dimakan ga sosss? wkwkwkwk"
"pas di rumah: duh mau ke indomaret, mau jajan. mau beli ini, mau beli itu. npas di indomaret: *bingung mau jajan apa*"
@ruben_ini enak bennnn kwkwkw coba laaa
"jane : aku mau masak nasi goreng keju naku, bang andre, ula : masakkan sekalian samaku janeeee"
@foodfess2 pisang kejuuu!!!
@nafanistiya pantesan lama nafff wkwkwwk
@nafanistiya wkwkwkw mana naaaaffff
butuh asupan coklat dan temen2 nya yg manis-manis t_t
"@zakariasii ahh masa terbangun, wkwk. ini mau tidur"
@zakariasii kau kok ga tidur zak
ternyata kusudah sadgirl sedari dulu kwkw jd geli sendiri ewhhh.
@nafanistiya sama naaaaffff :
"saking banyak nya yg mau dikerjain, jd gatau mana yg harus dikerjain duluan."
@alexisacaveman_ bucin apaan woi wkwkw
kaya gaada beban hidup.
@franstim kurang bang wkwk
@nafanistiya point coffee banyak menunya nafff wkwkwk
seharian ini lg unmood trs tbtb dibeliin ini sm bapak:
medan memang keras bunq
@alexisacaveman_ sikat kamar mandi? kwkwkwkw
@nafanistiya @radenrauf semangat puasanya nafaaaa
@sinurat_ady wkwkwkwk
"@sharonletty kulempar la yaaa, kakak tangkap wkwkwkw"
"@sharonletty boleh kakk, mau pake jne, jnt, atau tiki? kwkwkw"
"@ruben_ini enak kaliiii benddd, lembuttt wkwkwk"
bolu ubi ungu #hundred points symbol# #hundred points symbol# nplating nya jelek bgt:
"@mutiananda12 astagaaa, bukan lg nyatain cinta kok mut wkwkwkwkwk"
@syeraalsyr yok la sini buka kelas kitaaa
@syeraalsyr aku wee
"""@nafanistiya selamat apa nya nafaaaaa: """
@raynoluther hmm siapa yaa wkwkkwwk
akhirnya selesai we wkwkwkwk
kira2 gimana yaa reaksi nyaaa? #white right pointing backhand index# #white left pointing backhand index#
"niatnya prank kek di tiktok2 ituu, tp degdegan parah wkwkwkwwk"
"@kdrama_menfess aku #loudly crying face# apalagi ffmw, udah rewatch smpe lbh dari 3 kali asliii"
tempat yg benar-benar paling dirindukan dari balige.
"""@music_fess denger lagunya yg girlfriend sbnrnya dah lama. tp br tau kl itu penyanyi nya avril pas smp, dari temen krn pas mau performance di english day kita sekelas nyanyiin when you re gone nya, suka sejak smp itu, lagu2 nya enak, relatable wqwq."""
@sonyabasamidam semangat kak anyaaaa
"""@sinterkeleus sumpah we aku liatnya jam segini : """
pengen ngetweet tp gatau mau ngetweet apa hehe
@nafanistiya sedih bgt yg terakhiiiir:
@nafanistiya iyaaa ngeselin bangetttt wkwkwkwk. kok bisa ya mereka bls nya berjam2 kemudiann
"@nafanistiya sama naff, kdg nyesel sendiri kok secepat itu balesnyaa tp ga mungkin di unsend:33"
"knp ya aku tu bls chat nya secepat2nya, sdgkan dia bls nya 6 jam kemudian kan kesal pen jambak tp gbsa.-."
@_jordanaelp emang ga pernah jelas kau jooo
@_jordanaelp contoh nyaa
"yang dibilang cuman 3 kata,, tp pikiran dah sampe kemana-mana. oalah ini otak kenape ye:"
@netmediatama cantik banget teh hesty:
@claudiaclo5 wkwkwk ga ngerti lagi la clauuu
@ernestprakasa @mutiananda12 kok coki sitohang pulak
"""bapak yg sembunyiin tabletnyaaa: pdhl dah nangis2 dia kan dimarahin. ternyata di sembunyiin krn si jane nyembunyiin rokok bapak. ini gatau antara mau sedih ato ketawa. oalah tahe.-."""
"kan takut yakan siapatau diambil org. trs kami mikir mungkin dibawa sm bg andre, eh ternyata engga juga. si jane dah sampe nangis kejer krn dimarahin mama, akhirnya di telpon la bapak. eh ternyataaa"
"entah lah, ga ngerti sm bapak jahil nya kelewatan kadang.________. nceritanya ga keliatan la ini tablet mama, yg terakhir megang si jane. dah dr siang smpe sore dicariin terus smpe ke pelosok2 rumah, ga keliatan. dah marah la mama tu kan, takutnya si jane narok nya di toko."
saatnya ku harus berubaaaahhh
makasih orang2 baik hari iniiii
"""@judobanjarnahor duhhh makasih judoooo: ku terharuuuu :"""
"@judobanjarnahor duh judoooo:"" tp capek sedih2 lagi juudd"
@zakkariassi @mwv_mystic titip apa bwang
ngetawain kebodohan masing2
"@assfess lg ga cakapan tp ampe skrg, males in soal nya, aku terus yg disalahin-_- pdhl dia blm dngr penjelasanku, pdhl aku cmn butuh logika dan saran dr sudut pandang dia."
@nafanistiya capek yaa nafff:
knp yaa ig kok gbs ngeliat siapa aja yg udh ngeseen story:
bct bgt g punya perasaan hahahaha.
@ruben_ini @judobanjarnahor mantap bend
"@ruben_ini uhh, mantap ben. aku terharu"
ksl smpe ke ubun2.____.
cantik bulannya hari inii
hapal ampe mampus ya jane lagu2 oor
padahal tujuan sebenarnya mau ngajarin yg satu ini naik sepeda
ini emak2 jd ikutan main sepeda anak sd woi wkwkwk duh emakq
"dah lulus sma, tp muka kek anak sd, masih lumayan cocok la make sepeda anak2"
ternyata kena minyak panas di leher lbh sakit drpd kena di tangan ya:3
pagi2 si ula dah muter usai disini-raisa #face without mouth# #face without mouth#
"human diary, smp kl lg boker pun melapor dl"
"cuman si geger orang yang earphone nya rusak, datang ke rumahku buat ngadu._."
":"" nparah."
"yang satu dari dulu udah jahil, lasak sampe ke ubun2, yg satu lagi tukang nangis, ngambek makanya yg satu makin puas buat ngegangguin, paket lengkap emg #ok hand sign# #thumbs up sign#"
onan raja-kantor pu-soposurung-juara monang-siahaan balige-beli burger-indomaret. nmantap emg jenjalan sm bocil sekalian uji nyali ngelewatin itu semua malam2 apalg kantor pu gadak lampu jalan nya nbocil yg 2 lg sibuk milihin minum:
@nafanistiya @karinzhr @iyuma_ huaaaa mantap kaliaaaan
"tht, nterima nhadapi ntaati nhappy sunday!"
nasi goreng #pig face# ala aku dan bapak hehe
enak yg versi lyon!
@ruben_ini wkwkwkwkwk mau kau? siniiii. serius ku kasi kalo kau datang
"mama: kak ini masih ada ubi ungu nya, masakkan dulu kue kaya yg kemarin itu, enak loh. naku:"
"@inssptr duhh, bisa dimakan ga sosss? wkwkwkwk"
"pas di rumah: duh mau ke indomaret, mau jajan. mau beli ini, mau beli itu. npas di indomaret: *bingung mau jajan apa*"
@ruben_ini enak bennnn kwkwkw coba laaa
"jane : aku mau masak nasi goreng keju naku, bang andre, ula : masakkan sekalian samaku janeeee"
@foodfess2 pisang kejuuu!!!
@nafanistiya pantesan lama nafff wkwkwwk
@nafanistiya wkwkwkw mana naaaaffff
butuh asupan coklat dan temen2 nya yg manis-manis t_t
"@zakariasii ahh masa terbangun, wkwk. ini mau tidur"
@zakariasii kau kok ga tidur zak
ternyata kusudah sadgirl sedari dulu kwkw jd geli sendiri ewhhh.
@nafanistiya sama naaaaffff :
"saking banyak nya yg mau dikerjain, jd gatau mana yg harus dikerjain duluan."
@alexisacaveman_ bucin apaan woi wkwkw
kaya gaada beban hidup.
@franstim kurang bang wkwk
@nafanistiya point coffee banyak menunya nafff wkwkwk
seharian ini lg unmood trs tbtb dibeliin ini sm bapak:
medan memang keras bunq
@alexisacaveman_ sikat kamar mandi? kwkwkwkw
@nafanistiya @radenrauf semangat puasanya nafaaaa
@sinurat_ady wkwkwkwk
"@sharonletty kulempar la yaaa, kakak tangkap wkwkwkw"
"@sharonletty boleh kakk, mau pake jne, jnt, atau tiki? kwkwkw"
"@ruben_ini enak kaliiii benddd, lembuttt wkwkwk"
bolu ubi ungu #hundred points symbol# #hundred points symbol# nplating nya jelek bgt:
"@mutiananda12 astagaaa, bukan lg nyatain cinta kok mut wkwkwkwkwk"
@syeraalsyr yok la sini buka kelas kitaaa
@syeraalsyr aku wee
"""@nafanistiya selamat apa nya nafaaaaa: """
@raynoluther hmm siapa yaa wkwkkwwk
akhirnya selesai we wkwkwkwk
kira2 gimana yaa reaksi nyaaa? #white right pointing backhand index# #white left pointing backhand index#
"niatnya prank kek di tiktok2 ituu, tp degdegan parah wkwkwkwwk"
@nafanistiya hihiii iyaa nafff setelah sekian lama di rumah teruss
hasil melalak hari ini.
"@franstim hehe iyaaa bang, abg pe modom maaa"
"@music_fess that should be me, kl buat didengerin di jam2 spt ini"
"versi yg ini enak bangettt222, pas buat didengar di jam krusial kaya skrg."
"dulu sesuka itu sm oreo, apa2 oreo, etapiiii setelah nyobain goriorio eee lbh enak wkwk. tp kayanya goriorio lbh enak dimakan lgsg. kl mau dibikin yg lain2 ky bolu atau pancake, enakan oreoo."
knp weekend sll cepat berlalu #neutral face#
"tiap pagi, si jane ngirim ginian di grup wa, pdhl semuanya serumah n. n. n. nkurang kerjaan iya."
"@music_fess rock, punk mantap"
"@collegemenfess freud, suka aja sm teori2nya walopun bikin pusing."
kaget kok ada namaku hehe
@alexisacaveman_ bah tau laaa. ai dirippu ho do au dalle? kwkwkw
so marlapatan holongki tu ho.
"""@nafanistiya wkwkwkwk aku masuk lab dl cmn buat mati idupin komputer : """
kaget tugas tik si jane bikin animasi aku dl pas kls 4 masuk lab komputer cmn buat matiin sm idupin komputer dengan cara yg benar
@nafanistiya iyaa bener. kaya gurunya ga ngejelasin apa2 dan di bukunya juga gaada penjelasan ya lgsg soal aja gitu. krn kan mereka kurikulum baru ga kaya kita duluuu. jd nya aku cari jawabannya lgsg dr google masaa
@nafanistiya iyaaaa kan. masa ya tugas nya baru dikasih tadi tapi harus dikumpul hari ini jugaaa
kasian dari td marah2 mulu krn tugasnya banyak dan harus dikumpul hari ini:
@nafanistiya @unsfess_ @mutiananda12 @iyuma_ ga punya crush #loudly crying face# cariin dong nafff wkwkwk
sll berakhir dgn cmn di read
proud of my self for make this choco lavaaa. lumeeerrrr kwkwkwkw
pen nangis aj si klo uts nya begini. mana pas mau disave ms word nya not responding lagi. oalah ingin ku berkata kasar makkkk #pile of poo#
@judo_pb99 coba la kau tonton sambil baca komen nya wkwj
@judo_pb99 mau liat komentar2nya sih judd
"senin uts, dan ternyata lisan pulak. org lain dah pd belajar, aku masih aja nonton mukbang kekeyi. mau nangis aja #loudly crying face#"
hasil ziarah hari ini setelah setahun lebih ga ziarah liat oppung
@rinirynti engga nyinggung siapa2 wak wkwkw. niyaaa punya si ula
"bukan punyaku pdhl, tp ternyata sakit jg yaa bukanya yg diterima warna merah hehe. semangat para pejuang ptn 2020, ntar kalau dah dapat jgn disia2in yaa:"
"pen mandiiii, tp bentar lg ada kelas hmmm"
"sedih ga si,, pertama kalinya ibadah jumat agung di rumah aja.. ga bisa perjamuan kudus trs besoknya gabisa marbabo tambak."
pusing jg ya ternyata main game terus
@dwyntoo yuk lah mari kita julitin
mau mandi tp dingin kali
tahun 2020 ini knp yaa?
"bapak sama si jane, sebelah-sebelahan, sama2 nonton mak beti di yt tapi beda hp:"
pen meluk dia juga sekarang: pen marah x yaoloo esmosi #weary face# #weary face#
pagi2 dah kesel tingkat dewa hmm
yukkk jess belajar untuk tidak berekspektasi tinggi:
@ruben_ini gmn si dekkkk
"""aku gabisa berhenti makan kuaci: """
yaampun tulang ini suudzon bah. trs kl tulang pejabat bisa ga bakalan kena corona? oalah makbettt makbet #unamused face# #unamused face#
"rekor bisa ngabisin gacoan level 4, biasanya level 1 jg dah kepedesan wkwkwkwk. padahal td di notes dah nulis yg satu level 1,yg satunya lg level 4. ini malah level 4 dua2nya:"
@russelgabe1 campur nasi enak sel #ok hand sign# #ok hand sign#
"@sharonletty iyaadunggg, sini kakkk wkwkwk"
produktif bersama kak eka:
"""kalo dia skrg dekatnya sm si a, ya biar aja dl. semua kan punya porsinya masing2. doa aja dl. jan cemburu. kan kekuatan doa itu lbh besar efeknya."" n:"" makasih manuk sudah mencerahkan otakku di hari minggu yg sgt gloomy ini."
"meski susah perjalanan, ng dunia menderu, ndipimpinnya u bertahan nsampai akhir langkahku.."
@music_fess your call sm strangers menemani masa galau sma ku kwkwkw
astagaaa ngakak tengah malem krn iniii n@tonightshow_net dabest emg g prnh bosen nntn nyaa.
"@music_fess taka, brendon urie, mas duta, bnykkkk"
wkwkw untung blm mandi
"pamer terosss, teros pamerrr. gatel bgt pen bilang lgsg. tp y gmn ya:"
@ruben_ini psikiater
akhirnya ktm lg wkwkwk
@dwyntoo yaudah sok atuh masss
"hujan terusss, terus hujan. ufe0f"
@dwyntoo sini ceritaaaa wkwkwkwkwk
"duh hujan gini, dingin lg enakan tdr:"""
@ruben_ini @franstim idih beeennnn
@elsadawcristin1 wkwkwkwkwk lol
"pengen cerita yg banyaaaaak, capek ternyata nyimpen diem2 trs2an. pengen ngechat tp ku yakin aku dianggap sangat annoying. dan dia pasti masi kesal sm ku. so sad:"
maw nonton iniiiii #loudly crying face# #loudly crying face#
"""lagu patah hati pas jaman esema wkwkwkw ni m right here, when you gonna realize?"
jd pen melihara kaya ginian
"wahai bunga yang layu nmasihkah engkau di situ? nmenanti yang tak kunjung berlabuh, di hatimu noh daripada begitu, baiknya kau sama aku nsilahkan dicoba dulu,,"
@mutiananda12 masih mau liburan #pensive face# #pensive face#
sejujurnya blm siap untuk memulai smtr 6 #pensive face# #pensive face#
"sedih bgtttt ninggalin jkt, ninggalin maktua paktua: nmana paktua mau nangis lg pas ku salam duh:"
"lg nemenin kak oki kerja n. n. nbosnya tbtb dtg, trs nanya ""ini adeknya udah kelas berapa?"" n""udah kuliah pak"" n""mukanya kaya anak anak yaa"" n. n."
"@dwyntoo gpp dikumpulin aj dl mazzz, buat siapa nya belakangann"
@dwyntoo cemungudh ea bt mengumpulkan sinamot mazz
@dwyntoo serta sinamot nya jangan lupa mazzz
nyukk dicoba gaess #grinning face with smiling eyes# #grinning face with smiling eyes#
@dwyntoo kabar baik nih seperti nyaa wkwkwk
hari ini jd boru sitompul dl
@dwyntoo udah bang
"paktua : ini pilih aja ya mau makan apa tp jangan makin gendut yaa. ngmna ga makin gendut dikasi beginian, tp aku suka wkwkwkwk. makasi maktua paktua #two hearts#"
ketidakmungkinan yg selalu ku semoga kan wkwkwk
"terharu bgttt sm maktua, kmrn malam pas makan ""ini maktua masak ikan dencis ya, kmrn mama bilang kau pengen ikan dencis kan jd maktua beli td pagi ikannya"" :"""
"mengantuk, mengantuk, nak tidur maneeeee. mengantuk, mengantuk, tolong lah sayeeee"
"udah 21 tahun masih aja ogeb dan nyusahin, dasar aku #loudly crying face#"
[mnangis]
@ruben_ini ditunggu mas thread ny
untung td pagi kebangun jam 6an pdhl tidur jam 2an.jd masih sempat input mkp wkwk
"""kalo sendiri dan gabut kaya gini homesick nya smakin menjadi2: """
ogeb skli emg saya atm hilang lagi #sleepy face# #sleepy face# #sleepy face#
"kemarin makan siang indomi, hr ini sarapan nya super bubur+indomi. semoga lambung ku baik2 saja"
@russelgabe1 @judo_pb99 makanya aku harus segera kembali wkwk
@judo_pb99 aku pun sebenarnya dah ga tahan td jud tp kekmana la yakan. ga keluar2 pulak aku nnt dr rsj sini
@judo_pb99 hah napa kau kejang2 wkwkwk
akhirnya minggu2 melelahkan nya selesaiiiiiii
"""hehe iya bu #grimacing face# #grimacing face# #grimacing face#"""
"wejangan hari terakhir magang dari bu made: n""ini wejangan personal ya. kalian yg belum punya pacar, pacaran lah. penuhi tugas perkembangan kalian. udah sebulan kan disini? harusnya kalian udah bisa mengerti diri kalian gimana, kenapa belum punya pacar"""
dibajak sm yg namanya mayang juga.
temenku namanya mayang. cantik banget asli.
@collegemenfess yg dl 1 fakultas beda jurusan hhhhh. tp pen punya dr ank t*knk sprtnya hhh.
"@zakariasii wkwkwkw kenapa lah dah ga ingin kau dengar, relate ya?"
@zakariasii iya ya zakk?
"@zakariasii ahh yg bener zakk, jangan membohongi dirimu sendiri:"
@zakariasii memulai untuk mencintai diam2? mengagumi diam2?
@zakariasii yakin kau ga berubah2? perasaanmu ke dia?
@zakariasii pernah apa?
@zakariasii ya krn kau gabisa move on makanya dah 4 tahun pun ga berubah2 wkwkwk
@zakariasii nampak kali emg blm bisa move on wkwkwkwk. pdhl dah mau nyaris 4 tahun zak. atau jangan2 sbnrnya dah lebih dr 4 tahun? hmmmmmm
@zakariasii inilah sejak bertepuk sebelah tangan jadi kek gini kau kan zak hmm makanya move on sono wkwk
@zakariasii issss sejak kapan kau suka nyanyi2 gaje zakk
@zakariasii dr kmrn pen nonton tp belum sempat zakkk
@zakariasii gatau zakkk wkwk aku blm nonton reply 1988 soalnyaa
@ruben_ini aku juga kangen pelayanan sm mu ben
"ga sbr pen cpt2 balik solo, kgn jepun dan martabak:"
bang abg koas nya gtg hehe
@kunjandion @franstim @sangpisank ohh jd ceritanya abg dah ga jomblo lagi?
indah itu tak selalu ada nsenang itu sementara njika senang jangan terlalu njika sedih jangan terlalu
@franstim @sangpisank @kunjandion jadi gmna bg yon solusi nyaa?
"""@franstim @sangpisank astaga hobi bah: berarti manusiawi kan bang fall in love with people we can t have? wkwkwk"""
@dwyntoo cemungudhhh
"2 jam ngomong sm mama emg ga pernah kerasaaa, jd pen pulang:"""
@dwyntoo kan pengennya kemarin malem bg wkwkwk
enak bgtttt
aku ingin jadi jantungmu ndan berhenti semauku nagar kau tahu nrasanya hampir mati ditikam npatah hati n. n. n@salpriadi_
bm martabak pisang keju pake bgttttt
banyak cakap
"@thirto_pardede @syeraalsyr amiiiinn. makasih bang thirtooo, semoga doa baik nya balik ke abg yaaa. god bless u more! #blue heart#"
@sudarsianipar @syeraalsyr hehe makasih bang sudar!
"makasih ya @syeraalsyr, tmn pertama atau kedua kau ya? mana sih kalian yg duluan kau atau si pelin wkwk. saking lama nya dah ga ingat lg aku kan wkwk. makasi yaa cuyungg, aaa aku tida sabar ingin bertemu kaliaaaannn, love you wee!!!! nanti anak kita lah yg kita jodohkan ya hhh"
@syeraalsyr yaaa gabisa di rt:
@judo_pb99 apa jangan2 itu kau?
@judo_pb99 tp sumpah kek kau kali suaranya iss
@judo_pb99 tp kan.. kau tiap saat halu jud
kok kek suara kau @judo_pb99
sama ardhito juga deng h3h3
"ga muluk2 sih sbnrnya, cmn pengen bapak, mama, jane, ula, bang andrew, lepin, syera, bang choki, manuk, rini, geger, kokom ada disini juga:"""
berasa lg ngaca tbtb di vc sm bocil eh tau2nya lg make baju yg sama #face with tears of joy#
kangen nasi goreng nya bapakkk:
"jadi pengen nonton ulang twilight, semuanyaaa:"
this tweet from @jssicagloriaep has been withheld in: indonesia.
"@russelgabe1 bukan la wkwkw, itu t4 alat2 gitu aha"
@russelgabe1 bukan lah sell._.
@dwyntoo krn pen sambat bg
@franstim wkwk gila gmna ni bangg
"@ruben_ini sekalian buka usaha laundry ben, lumayan"
biarlah daku simpan sejuta rasa yang engkau buang. ku tak akan pernah lupakan kau yang pernah ku sayang perlahan menghilang.
@franstim @kunjandion tapi kok jomblo doi? kwkwkwkw npadahal punya daya tarik magis hmmm
@franstim @kunjandion ih kok ditinggal baaanggg wkwkwk
@franstim @kunjandion nyanyiin la banggg @kunjandion biar abisss wkwkwk
@franstim @kunjandion didendangkan siapa bg? bang dion?
@franstim @music_fess @kunjandion beuhh kl bang dion ga tertandingi emg kegantengannya bang
"@franstim @music_fess yaaa emang taka lah bang wkkwwk, tapi toru juga keren siii wkwkwk"
@franstim @music_fess yahh 2013 aku masih belum mengenal mereka: wkwkwk masih newbie akuu
"@franstim @music_fess ohh gitu, gilss lgsg abisss nakhirnya mereka balik ke indo lg buat konser sendiri yaa bg"
@franstim @music_fess kirain januari nkeras laa sampe abg hapal itu di konser yg manaa wkwk nsama bang: pen nonton tapi takde duidddd
@franstim @music_fess gilsss fans garis keras abg yaaaak n30 januari banggg??
@ruben_ini lama apaan
@ruben_ini aku mau nya sekarang ben
baru kali ini ngerasa rindu serindu2nya pen ketemuuuuu
6 hari lagi tp ga se excited taun2 sblmnya #face without mouth#
"""satu hal tanamkan di hati, indah semua yang tuhan b ri. nhappy sunday!"
2 jam 40 menit dengar dia ngebacot pake bhs batak yg marpasir2
bersin terus seharian
merangkum seminggu ini dalam 3 jam
"wkwk tumben2nya si geger mau diginiin, biasanya sok cool. bersyukur sekali sm tuhan dikasih org2 yg sll mau mendengarkan keluh kesahku. jd pen ktm gegerrrr:"" nemenin dia beli jaket, sepatu, pagi2 dah ke rumah pdhl blm mandiiiii:"""
@elsadawcristin1 @scotchandsoba_ iyayaaa wkwkwk. brrt tulisanku rapi wkwkwk
si ula cantik bgt yaolo ga kaya aku buluq skli #relieved face#
@syeraalsyr udah 3 kali ganti presiden ternyataaa yaa wkwkwk
@hanavlntn yaa jd begini gan..
"@syeraalsyr wahhh, otakku sudah tida bs diajak bekerja sama buat ngerecall ke 16 tahun yg lalu #pensive face#"
@ruben_ini ahh telat kau benn
knp kl aku ngomong atau nanya sesuatu g prnh d dgr ya
"@ruben_ini astaga ben,,, naku menyesal membaca sampai bawah"
@krismanzamani @mutiananda12 bukann. kegabutan kami menghasilkan foto serangga yg keciiiil bgt bisa jd keliatan besar h3h3
"@franstim @christopardd no no bangg, tak bolee"
geliii baca chat2 jaman dlu wkwkwk
@franstim yaaah itok bang kekmana la yakan wkwkwk
"""@franstim yaaah gmna lah bang, emang cuman bisa mengagumi dari jauhnya kita yakan: wkwk"""
hasil kegabutan di kantin.
@franstim tapi itu kan kale bang bukan ardhito wqwqwq
"@franstim iss bg, kwkw. tp kan awan sm kale ga jadian yagasii??"
"ngantuk, pen kopi #sleeping face#"
@claudiaclo5 di magelang ada leker clauu?
@franstim kok awan bangg?
semuanya rekaman ardhito live di ig h3h3 #blue heart# #blue heart#
"mau leker pisang keju yg di surya juga aaak:"""""
pengen martabak pisang kejuuuuu
@ruben_ini tau aja kaw benn [awww jd malu]
heartwarming cekali kita wkwkwk
"udah, jangan berharap banyak jes di tahun ini."
@dwyntoo carila makanya bg wkwk
@arddagovar @thomaswirya yaampun hati2 ya da
bsk ga harus mandi jam 5 lagi
tbtb kangen geger yg suka nyusahin pake kali!;
"knp ini enak bgttt:"""
"""mbaknya koas dari mana ya?"" n""ini mbaknya calon dokter nih"" nperkara magang pake jaslab putih"
@elsadawcristin1 cek dm wee
@elsadawcristin1 knp kau wer
"agak malu+deg2an emg. kita magang pake jaslab, para coass pake jas snelli wkwkwkwk. aga ngerasa dudul wkwkwkwk lol."
"@ruben_ini iya, kan kurang apalagi. bebas kau milih kamar yg mana"
@ruben_ini tapi ibu kosnya ga kek punya kau nada kok mba2 dstu
"@ruben_ini pindah ke op aja ben, kan kosong melompong itu 45 kamar, eh dah 44 deng"
"sedih bgt hape rusak disaat2 seperti ini:"""
"@dwyntoo wkwk, kalo beneran mah brrt mujizat itu nyata bang"
"@ruben_ini @christopardd wkwkwwk astaga kaliann, mana ni ardhito nyaa"
"kok bisa yaa mimpi selfie sm ardhito, pas pulang gereja lagi wkwkwkwk"
"di ""kamu""in aja dah senyum2 gaje ahh jessica aneh #face without mouth#"
@sasnilatiffa hepi nu year too tippp!! pulang bw oleh2 yaaa wkwkwk
"miss my mom too muchhh!! :"" nkirain krn jauh ga bakal mandok hata, eh di vc disuruh ngomong satu2 juga. nsambil nahan nangis lg ngomongnya:"""
"the most frequently word to say in this year : ""yaudahlah yaa, gapapa, mau gimana lagi"" nsmg lusa dan smpe seterusnya berkurang ya pemakaiannya"
"akhirnya smstr 5 selesai, tp revisian kualitatif masih menunggu"
hiburan di tengah kemuakan ngerjain kualitatif
@elsadawcristin1 sephia wkwk
@elsadawcristin1 wkwkw cie apaaaan
br aj bahas ini sm si sep wkwkwkwk
@judo_pb99 ah yg bener
@judo_pb99 kaya si ibu
"sakit perutnya ga nyante kali, br tidur jam 3 dah kebangun jam segini :"""
sakitnyaaaa smp bikin gbs gerak:
ujannya ga nyante
@dwyntoo kaya lagu aja dah di request2 wkwk
"@dwyntoo mohon maap ni bang, calon menantunya aja belom ada kok udah minta cucu ya ayah dan ibunda"
"@dwyntoo enggak banggg, makanya aku bilang titip salam buat ayah dan ibunda:"
@dwyntoo gapapa bg sekali2 wkwkwk
@dwyntoo kok ngegas:
@dwyntoo titip salam sm mama bapak yaa bang:
pulang ke rumah aja boleh ga sih? :
kurang2in ya jes ninggalin kunci kos dan ingetnya setelah nyampe kos:
"@sudarsianipar bacanya ayam kampus masa:"""
@dwyntoo gaje sii abg. ga pulang abg?
@dwyntoo kenawhy banggg
"capekk, rasanya mau remuk aja semua badan ini"
aku kesal dengan diriku sendiri.
rasanya pen berhenti ajaaaaa zzzzzz.
@yericofh isssss ga cerita2
@dwyntoo banyak juga bar yg udh abg jalani yaaa hmm
@dwyntoo bar at daya
"mana ktm di burjo lg, pdhl lg buluk2nya, eh sumpa la, pdhl lg kesehatian jd grogi isss, emg la-.-"
"kmrn2 feeling kayanya ini kosan dia dah , eh ternyata bener:"""""" nyaa tp knp sll bener? :"""""""""""""""
"capek jg y ternyata, kdg rasanya pengen menyerah aj. eh tp sedikit lg kok. semangat!:"""""
@yericofh salfok sm tgn nya mazzzz uwuu
sumpa ngantuk bgt222 tp takut tidur:
pas kali lah ini aqua di kamar kosan dah abis. gaada yg mau ngasi gitu sekalian nyemangatin buat uas?!?!
knp radangnya baru dtg disaat2 krusial seperti ini? #tired face#
@zakariasii kalau yg ditunggu gatau kalau dia ditunggu?
@zakariasii terus aku ngapain lah?
@zakariasii jangan apa zak??
@zakariasii semuanya capek zakkk wkwkwkwkwkw
@zakariasii capek perasaannya
@zakariasii ga dicari juga aku capek zak wkwkwkwk
@zakariasii kenapa aku ga boleh mencari?
"@dwyntoo yaudinn, sekuy laa"
@dwyntoo ihh seriusan ni wkwk
@mutiananda12 antara suka dan tidak mut: wkwk
@dwyntoo abg yg traktir kan?? :
haruskah ku tetap mencari dia yang pergi?
bodoh sekali memang bisa lupa hal penting seperti itu.-. untung ingetnya bukan pas malem2:
"kalau tahun lalu, tgl segini si mama udh sibuk nyuruh nyari tiket pulang:"
@yericofh semangat kokom
@nafanistiya wkwk tmn dkt ku nafff
"pgn bikin appreciation post buat si kkm, tp pasti dia nya jijiq krn itu pasti alay mnrt dia-_-. pdhl bnr2 pengen mengapresiasi dia krn suda sll ada ketika aku mau sambat, galau, sedih, bingung, dll. :33"
ternyata keypad hp nya ilang~
"capek, pengen tidur. nnyampe di tempat tidur malah gabisa tidur.-."
apakah ini sbnrnya maksudnya kangen yg terselubung? hmmm.
"ditelpon mama : nya mama lg dimana?"" di rumah oppung"" nkaget la kan ngapain mama ke medan, siapa yg bawa mobil, lalalala.."" kok ngapain pulak, ya ke rumah mamak ku lah, soalnya kau pun gabisa ke rumah mamak mu"" ma ya gabisa la, org kuliah.-."
"kata tuhan ga bakal sia2 kok capeknya, smgt!"
semoga capeknya skrg ga sia2 ya:
"jd keinget tbtb ditinggal si kobol, dia baru nyadar krn ngira aku jatuh dong dr motornya wkwkwkwk"
"bila kau yang membuka pintu, tak ada satupun dapat menutup nya #heavy black heart#"
@zakariasii ohh jelas lahh harus dipamerin kesuksesan move on itu wkkwwk
"@zakariasii yaiya lahh, darimana lah dia dtg kalo gaada api? tumbuh darimana lagian dia? #duhapaansihzakkkkk"
"part terngakak ""siapa manusia taik yang nikung kau "" ""bangsat kali dia"" wkwkwkwkwk"
lucu ternyata kalo sesama cowok bahas ginian wkwk.
"@zakariasii heh kok asep, kan tidak ada api wkwkw"
@zakariasii emang wkwkwk
"@zakariasii alah gausah, nanti bakalan gagal lg kok wkwkwk"
@zakariasii tapi tidak bisa mengingat yang perlu diingat ya pakkk
"di mimpi doang bisa cakapan, di rl mah kaya org asing, ga kenal, pdhl dl hmmmm"
"@nafanistiya wkwkw, iyaaa nafff"
@zakariasii gagal move on lg yaa bapak nya
"mobilitas tinggi emang, boyolali-semarang-solo #ok hand sign# #ok hand sign#"
sepusing ini ternyata menghadapi orang-orang yg seperti ini yaa._.
"@nafanistiya @iyuma_ aku tyda panik kooo, detak jantung nafa msh normal kann? wkwkwkwk"
@nafanistiya @iyuma_ gpp naff aku dukung kok demi kebahagiaan kalian
@iyuma_ @nafanistiya petrus ndraaaaaa
@nafanistiya @iyuma_ mana mungkin naf kamu nikung diri sendiri wkwk:
