"@ngalamfess iku merk e boxer seri bustep, gae rda arto v99"
"dulu 2017 ngedit foto pake gambar bu linda, soalnya dulu cewenya masih punya pacar sekarang 2020 udah sah jadi istriku."
@jokowi ok boomer
iya iya tau aku trending
"@ngalamfess kayungyun cuma ""mudah didapatkan"" gak terlalu enak, beberapa bubur kaki lima lebih enak malahan,"
@cursedkidd halo @pssi
@ngepopmie bawa ke panti asuhan buat makan popmi bareng bareng. sekut
"@fiersabesari ""tepat waktu adalah terlambat"" np. wahyu sakti - um 2019"
nanti malem um krs an loh n#chefrenata
"@ngalamfess la emang pake nomer hp, norak"
@ngalamfess anak yatim dan dhuafa
@mazzini_giusepe @voidotid jurnalis e tahun 2088
@ngalamfess yo nang sidoarjo lah. la mosok kate nang sidoarjo enak e nang malang. koclok we nder
"@ngalamfess bisa nder, dm aja"
sebagai atlet rebahan ntentu saja pagi ini melakukan pemanasan untuk #rebahanpertamadi2020
wkwkwkwk
@nugarislucu residu politik jangan dikasih panggung
@ngalamfess nilai hanya huruf se
kobepramudya gak melbu
inget banget scene ini. wkwkkwkw
"@sudjiwotedjo saya lahir di malang dan tercatat beragama islam: nmengucapkan selamat liburan, natal dan tahun baru bagi yang merayakan"
trevor adalah kita
"@putrastaria @nnickma @akhoirulfalah @zefanya27 @fahmisiddiq129 hush, gitu2 banyak cewe yg nglirik n tp ttp tolollll"
"@ybrap kemaren mau berargumen gini, tapi aku sadar aku miskin"
@dheaaja_ pengen apasi
karna peradaban.
"dingin dingin dimandiin, nanti masuk k"
@pergijauh tak pikir pelumas shell
yang lain mikir liburan nandi naku mikir pie bayar ukt #relieved face#
melawan adalah koentji
akhir bulan yawoh
@valent_48 @setangarislucu wkwkw. itu gak ada obat
idealis kontol
"dan ""ajak main dong"""
mereka teriak anti komunis tanpa tau apa itu komunisme
@ybrap pas banget sobat
"@ndonb4ck btw mungkin itu yg belakang yg langgar peraturan. mau dibawa ke pospol, cmiiw,"
@ciloqciliq losno mbak cil. juancoookkk
@tioo_pakusadewo @ridhoozd @semestasains wkwk. nd pagak lur. kidule panjen
@ciloqciliq jadi selebgram aja
"@semestasains gunung gegeritu, di malang. alasan diberi nama gunung geger ya itu, karena erupsinya dahsyat dan bikin ""geger dunyo"" gempar dunia, sumber dari cerita lelembut yang sudah hidul 21017 tahun yang lalu"
@mhdafi kadang bawa goblok sih
@rendyusanto nia ramadhani langsung teringat lumpur lapindo
oalah jancok
"@fiersabesari itu sudah benar ""denganku"", tapi apalah daya yang kau pilih adalah ""dengannya"""
"@seterahdeh nabung setengah mati, ngabisinnya setengah sadar"
"@smartfrencare @davpyu nganu min. di malang, makan o dulu min, biar konsen. salah tag lo. kesehatanmu dijaga min"
@ajilaksono @bukananakkuu @adyansyahanton @galerius @budii_019 @aliffani7 @akbaragis1 @dodod_w @haidardzky @zerofcuk @mirzaltr @shitlicious prabowo dilantik jadi menteri pertahanan
"@smartfrencare @davpyu berkala gundulmu min. aku nyari wifi macet macetan, banyak orang pacaran lagi, cepet benerin woy"
@ybrap lah u kok masih ngontrak?
@semestasains bumi itu datar
"@zarajkt48 mengejar, kita akan tahu kapan akan berhenti karena lelah saat mengejar"
"@prabowo @nugarislucu selamat ulang tahun pak prabowo, semoga selalu disertai dengan hal hal baik"
@ciloqciliq malang yang dulu :
@sotokalengann @tubbirfess spion kui karo cicilan nmax e samean paling meh podo mas
wahh aku tercengang
@prajnamu @gepamungkas cek emailmu sat @jrx_sid
"sangat ""keadilan sosial bagi seluruh rakyat indonesia"""
@semestasains @dheaaja_ pelajari
"@awkarin cantik cuk, alaynya dimana?"
"@pergijauh @kyla_jkt48 kyla imut, gofar amit"
"@ngalamfess iku merk e boxer seri bustep, gae rda arto v99"
"dulu 2017 ngedit foto pake gambar bu linda, soalnya dulu cewenya masih punya pacar sekarang 2020 udah sah jadi istriku."
@jokowi ok boomer
iya iya tau aku trending
"@ngalamfess kayungyun cuma ""mudah didapatkan"" gak terlalu enak, beberapa bubur kaki lima lebih enak malahan,"
@cursedkidd halo @pssi
@ngepopmie bawa ke panti asuhan buat makan popmi bareng bareng. sekut
"@fiersabesari ""tepat waktu adalah terlambat"" np. wahyu sakti - um 2019"
nanti malem um krs an loh n#chefrenata
"@ngalamfess la emang pake nomer hp, norak"
@ngalamfess anak yatim dan dhuafa
@mazzini_giusepe @voidotid jurnalis e tahun 2088
@ngalamfess yo nang sidoarjo lah. la mosok kate nang sidoarjo enak e nang malang. koclok we nder
"@ngalamfess bisa nder, dm aja"
sebagai atlet rebahan ntentu saja pagi ini melakukan pemanasan untuk #rebahanpertamadi2020
wkwkwkwk
@nugarislucu residu politik jangan dikasih panggung
@ngalamfess nilai hanya huruf se
kobepramudya gak melbu
inget banget scene ini. wkwkkwkw
"@sudjiwotedjo saya lahir di malang dan tercatat beragama islam: nmengucapkan selamat liburan, natal dan tahun baru bagi yang merayakan"
trevor adalah kita
"@putrastaria @nnickma @akhoirulfalah @zefanya27 @fahmisiddiq129 hush, gitu2 banyak cewe yg nglirik n tp ttp tolollll"
"@ybrap kemaren mau berargumen gini, tapi aku sadar aku miskin"
@dheaaja_ pengen apasi
karna peradaban.
"dingin dingin dimandiin, nanti masuk k"
@pergijauh tak pikir pelumas shell
yang lain mikir liburan nandi naku mikir pie bayar ukt #relieved face#
melawan adalah koentji
akhir bulan yawoh
@valent_48 @setangarislucu wkwkw. itu gak ada obat
idealis kontol
"dan ""ajak main dong"""
mereka teriak anti komunis tanpa tau apa itu komunisme
@ybrap pas banget sobat
"@ndonb4ck btw mungkin itu yg belakang yg langgar peraturan. mau dibawa ke pospol, cmiiw,"
@ciloqciliq losno mbak cil. juancoookkk
@tioo_pakusadewo @ridhoozd @semestasains wkwk. nd pagak lur. kidule panjen
@ciloqciliq jadi selebgram aja
"@semestasains gunung gegeritu, di malang. alasan diberi nama gunung geger ya itu, karena erupsinya dahsyat dan bikin ""geger dunyo"" gempar dunia, sumber dari cerita lelembut yang sudah hidul 21017 tahun yang lalu"
@mhdafi kadang bawa goblok sih
@rendyusanto nia ramadhani langsung teringat lumpur lapindo
oalah jancok
"@fiersabesari itu sudah benar ""denganku"", tapi apalah daya yang kau pilih adalah ""dengannya"""
"@seterahdeh nabung setengah mati, ngabisinnya setengah sadar"
"@smartfrencare @davpyu nganu min. di malang, makan o dulu min, biar konsen. salah tag lo. kesehatanmu dijaga min"
@ajilaksono @bukananakkuu @adyansyahanton @galerius @budii_019 @aliffani7 @akbaragis1 @dodod_w @haidardzky @zerofcuk @mirzaltr @shitlicious prabowo dilantik jadi menteri pertahanan
"@smartfrencare @davpyu berkala gundulmu min. aku nyari wifi macet macetan, banyak orang pacaran lagi, cepet benerin woy"
@ybrap lah u kok masih ngontrak?
@semestasains bumi itu datar
"@zarajkt48 mengejar, kita akan tahu kapan akan berhenti karena lelah saat mengejar"
"@prabowo @nugarislucu selamat ulang tahun pak prabowo, semoga selalu disertai dengan hal hal baik"
@ciloqciliq malang yang dulu :
@sotokalengann @tubbirfess spion kui karo cicilan nmax e samean paling meh podo mas
wahh aku tercengang
@prajnamu @gepamungkas cek emailmu sat @jrx_sid
"sangat ""keadilan sosial bagi seluruh rakyat indonesia"""
@semestasains @dheaaja_ pelajari
"@awkarin cantik cuk, alaynya dimana?"
"@pergijauh @kyla_jkt48 kyla imut, gofar amit"
@membetulkan @savvyduke sepertinya berbeda mas
@awkarin aku lebih suka rotiboy
@senjatanuklir biru demokrat keren
@zarajkt48 km kmana aja syg
"innalillahi, perjuanganmu tak kan sia sia bung #person with folded hands# #person with folded hands#"
"@chilli_pari kalo mas gibran sudah posting kek gini. berarti keadaan perut sekarang benar benar genting,"
"@rhieen_nz @uyokback @tmcpoldametro @dennysiregar7 kalo gak salah jam di awal postingan tmc memang jam posting bukan jam kejadian, kalo gak salah loh ya"
"kalo lord hotman sudah bicara, berarti negara ini sudah benar benar genting"
pas temen makan stock indomi terakhirku nme :
goblok sekabupaten diborong semua
"@kaesangp kasinen mas memang, pendapatku lo iki"
@pergijauh audi rs6 sekut pay
@malangsadbois keknya di salah satu univ nih #grinning face with smiling eyes#
"@zilvanl penduduk bumi sekarang jahat jahat, aku mau pindah ke pluto saja"
@ybrap langsung terbang ke jkt bang?
"@pergijauh setuju sih sama bang ari, orang indonesia rata rata belum mampu dan belum sepintar itu untuk mengelola ganja yg legal, tapi itu bukan menyalahkan aktivis lgn juga, disini aktifis lgn malah diharapkan agar mengedukasi masyarakat luas agar mampu menerima legalisasi ganja tersebut"
pagi pagi membeli golok ncari keris dapatnya tongkat ngoblokkkk nbangsattt
@zarajkt48 gapapa itu. bawaan bayi mungkin
@dayatpiliang dzawin ngapain si
@dheaaja_ contoh foto orang jarang bangun pagi
@dzawinur ngapain isuk isuk ng ndal payak
@catsedih @zarajkt48 kan udh lahiran bambang
@smartfrenworld @beny_islam smartfren buruk internet e min. daerah donomulyo kab. malang
@normanbahagia @infomalang pake wd blue juga yg 240gb mas. tapi cuma muat beberapa game nya #grinning face with smiling eyes# jadi upgrade
@danarjon kopi pangku andalan
@normanbahagia @infomalang coba tanyakan ke toko game aja mas. kalo punyaku dulu langsung bisa soale dikasih software ps3 dari tokonya
@pergijauh perkempotan duniawii
"@dzawinur cidro,lagunya lord didi"
itu yg tiap hari bikin status ss an suhu sama cuaca itu maksudnya apa? biar semua orang tau kalo lagi kedinginan apa kepanasan gitu?
@senjatanuklir via vallen memang mantap on my way smp ada versi koplo-nya
warga kota batu be like
saya datang dari malang bung.. #diundangbungfiersa
@danarjon @lilithkis 18 tahun dia anjir
"ingin pulang dengan ""aman"", padahal indonesia lebih aman tanpa adanya kalian, ini bukan soal agama, tapi kemanusiaan"
@zarajkt48 sama kok ra
"ingin mengawali, tapi takut jika harus mengakhiri"
"itu yang sejak dulu udah pake hijab, terus bikin story foto dia berhijab, dikasih tulisan miss long hair, maksutnya gimana?"
"@radenrauf kenapa anda menyombongkan diri di twitter, apa yang anda harapkan bung??"
@kaesangp padahal wes tak siapne duit rongatus ewu mas..
@zekzulkar @muchdaniardi87 @gunromli @aniesbaswedan @faizalassegaf ini pengakuan atau apa?
dan #instagramdown lagi
@ybrap ora masalah.. masok waw ae
"sahur tanpa minum air, udah kaya idupmu aja, seret"
@joohanchandra13 manusia goa
"tiba tiba udara malam ini terasa sangat dingin, teh manis panas yang ada pun tidak terasa panas dan tidak manis lagi."
@jojosuherman sesok 1jt..
"udah tau kalo gabakal ada yg peduli kalo gue upload hasil pubg, masih aja gue upload n#dasaraku"
