"lg random bgt akhir2 ini, knp si al"
"@sondangsartikaa coba dicek aja, takutnya tar knp2 :"
@petinggineraka karna belum terbiasa aja kok kamu butuh waktu untuk menyesuaikan diri dengan tempat barumu
@petinggineraka uuuu jangan sedih gitu dong bebi
@anggapensada jihh bawa2 nama orang laen
@rizki_meliyani bisa gitu bangun rumah hanya sehari?
"lagi nontonin bedah rumah, trus kepikiran mereka kalo bangun 1 rumah brp lama ya kok kayaknya cepet bgt"
ayokk nonton pacar akuuu @rizki_meliyani
@sinuratt27 gapapa:
@neftari_tasya yah gajadi hp baru
"@sinuratt27 iya, masih berstatus mahasiswa aja ya aku:"
@cursedkidd jogja bs cod g?
@rizki_meliyani padahal km dah punya couo yak
@zikrikus @katolikg jan gitu dong wey:
@katolikg apaqa aku lgbt yg tida pencemburu:
jadi artis
@yusufdolkn ngelus rambut woe #unamused face# #unamused face# pikiranmu apa ni
@afif_aryandana mandi sambil konser makanya lama
@yusufdolkn dia biasanya ngelus yg lain
@zikrikus hati gabisa boong say
gapernah diginiin. gapunya pacar sih.
@neftari_tasya nanti ya kao aku dah nemu kucariin deh
@neftari_tasya @wisda_juntak17 iya nanti abis wisuda
@zikrikus hati masyarakatnya udah penuh rasa benci. sama kek rasa aku ke km
@sardiunnew @yusufdolkn tampan dan brani
@yusufdolkn gausah sok miskin gitu :
@neftari_tasya iya bener sad mah saya selaku mahasiswa kantong bolong :
@gracepurbaaa @finisilaban amiiinnn. ku juga tidaa pulang grace #weary face#
"@neftari_tasya kalo diliat lama2 jadi bagus tu sepatu. :"""
@damoshutagalung bantuin cari sugar daddy:
nike cortez ga pernah masuk wishlist ngapa skrg malah pengen huhu #weary face#
@damoshutagalung aqqq banget itu gais
@anggapensada idolaquuuuuu:
@afif_aryandana dosbingmu gemesin banget sih emang wkwkwk:
@dwyntoo biar keliatan abis natalan
@afif_aryandana uwuuuu #black heart suit# ufe0f #black heart suit# ufe0f #black heart suit# ufe0f asyiiikkkkk
"@tubbirfess iya minderlah woe:"""
@sudarsianipar @anggapensada yuhuuu
@anggapensada tapi ada banyak cowo yg ku kenal kekgitu kok. :
@anggapensada berarti u bukan cowo secara umumnya gitu bang?
@anggapensada dasar cowo #unamused face#
@anggapensada alasan ngelesnya ga masuk akal :
@anggapensada oke beneran ya? kutunggu! #face savouring delicious food# #face savouring delicious food#
@ariantopdd yahh onlen mah gaasik bang
lagi jatuh cinta banget sama lagunya dan + shay with justin bieber - 10.000 hours. pengen ada yg nyanyiin gitu #pensive face#
@sinuratt27 plot twist : dosennya gamau ditemui
"mau minta tanda tangan dosen jam 10, revisiannya baru dikirim 8.26 #loudly crying face# #loudly crying face# #loudly crying face# aku kudu kuat ati"
@arisafp bagus kaaannn #black heart suit# ufe0f #black heart suit# ufe0f
@arisafp nonton chaaa! nonton berkali2 jg ga nyesel
"#filmimperfect jauh di luar ekspektasi #loudly crying face# #loudly crying face# ekspektasinya ga sebagus itu, ternyata bagus banget #black heart suit# ufe0f #black heart suit# ufe0f #black heart suit# ufe0f"
@dwyntoo pengen apanichhhhh..
@dwyntoo emang malang dingin woyyy:
@tubbirfess petaninya ganteng banget woi:
"barang yg diincer banyak, uangnya gaada #face with cold sweat#"
@sinuratt27 dilike dulu sebelum viral
@rizki_meliyani aku manusia normal kok mel #relieved face#
nonton you are the apple of my eye kesekian kalinya dan masih aja baper dan bikin mewek aq emang lemah masalah ginian
"jogja kalo siang pansnya kayak latihan hidup di neraka, tau2 sorenya angin badai dan hujn deres kayak di film azab -_-"
@anggapensada masak sendiri bang
@urdotmozotorus hah kapan wee??
@sams_sitorus iiihh gimana si
@dwyntoo siniii jogja temui aquu
"@abdiaruan udah ada gan, tapi masih yg cam:"
@sams_sitorus perhatian banget: terharu
ga jadi2 nonton frozen 2. sok sibuk banget sih aku #pensive face#
"@damoshutagalung boleh dicoba tu, tapi garpit mayan berat sih gan sejauh yg pernah kucoba"
@urdotmozotorus punya filmnya ga? mau dong
@sams_sitorus sarannya mantep!
@anggapensada hee
"kalo stres emang paling mantep ngopi sambil sebat sih, gada tandingan."
@neftari_tasya ini setrikaan 3 minggu gan.. jangan anda pikir saya rajin: kita sama kok
ngumpulin niat dari pagi mau nyetrika. pas udah ada niat malah mati listrik ok.
"kok mageran bgt ya akhir2 ini :"""
@anggapensada iye aja udah #unamused face#
@anggapensada selamat natal abaaanggg #black heart suit# ufe0f #black heart suit# ufe0f
@dwyntoo kok kita gpernah minum bareng sih
@gracepurbaaa -_- iya aja deh
aku jahit dress bahannya dari aku sih cuma 150k gez. hehehe :
@lucia_lbngaol ada sesuatu di punggungmu hiiii #grimacing face# #grimacing face#
"saya bikin proposal tapi saya ga paham penelitian saya, saya bahkan ga paham saya nulis apa"
@damoshutagalung pengangguran kan cari kerja biar bisa dapetin duid lalu ngasih jajan ke orang:
@damoshutagalung kuliah juga ga enak:
"lg random bgt akhir2 ini, knp si al"
"@sondangsartikaa coba dicek aja, takutnya tar knp2 :"
@petinggineraka karna belum terbiasa aja kok kamu butuh waktu untuk menyesuaikan diri dengan tempat barumu
@petinggineraka uuuu jangan sedih gitu dong bebi
@anggapensada jihh bawa2 nama orang laen
@rizki_meliyani bisa gitu bangun rumah hanya sehari?
"lagi nontonin bedah rumah, trus kepikiran mereka kalo bangun 1 rumah brp lama ya kok kayaknya cepet bgt"
ayokk nonton pacar akuuu @rizki_meliyani
@sinuratt27 gapapa:
@neftari_tasya yah gajadi hp baru
"@sinuratt27 iya, masih berstatus mahasiswa aja ya aku:"
@cursedkidd jogja bs cod g?
@rizki_meliyani padahal km dah punya couo yak
@zikrikus @katolikg jan gitu dong wey:
@katolikg apaqa aku lgbt yg tida pencemburu:
jadi artis
@yusufdolkn ngelus rambut woe #unamused face# #unamused face# pikiranmu apa ni
@afif_aryandana mandi sambil konser makanya lama
@yusufdolkn dia biasanya ngelus yg lain
@zikrikus hati gabisa boong say
gapernah diginiin. gapunya pacar sih.
@neftari_tasya nanti ya kao aku dah nemu kucariin deh
@neftari_tasya @wisda_juntak17 iya nanti abis wisuda
@zikrikus hati masyarakatnya udah penuh rasa benci. sama kek rasa aku ke km
@sardiunnew @yusufdolkn tampan dan brani
@yusufdolkn gausah sok miskin gitu :
@neftari_tasya iya bener sad mah saya selaku mahasiswa kantong bolong :
@gracepurbaaa @finisilaban amiiinnn. ku juga tidaa pulang grace #weary face#
"@neftari_tasya kalo diliat lama2 jadi bagus tu sepatu. :"""
@damoshutagalung bantuin cari sugar daddy:
nike cortez ga pernah masuk wishlist ngapa skrg malah pengen huhu #weary face#
@damoshutagalung aqqq banget itu gais
@anggapensada idolaquuuuuu:
@afif_aryandana dosbingmu gemesin banget sih emang wkwkwk:
@dwyntoo biar keliatan abis natalan
@afif_aryandana uwuuuu #black heart suit# ufe0f #black heart suit# ufe0f #black heart suit# ufe0f asyiiikkkkk
"@tubbirfess iya minderlah woe:"""
@sudarsianipar @anggapensada yuhuuu
@anggapensada tapi ada banyak cowo yg ku kenal kekgitu kok. :
@anggapensada berarti u bukan cowo secara umumnya gitu bang?
@anggapensada dasar cowo #unamused face#
@anggapensada alasan ngelesnya ga masuk akal :
@anggapensada oke beneran ya? kutunggu! #face savouring delicious food# #face savouring delicious food#
@ariantopdd yahh onlen mah gaasik bang
lagi jatuh cinta banget sama lagunya dan + shay with justin bieber - 10.000 hours. pengen ada yg nyanyiin gitu #pensive face#
@sinuratt27 plot twist : dosennya gamau ditemui
"mau minta tanda tangan dosen jam 10, revisiannya baru dikirim 8.26 #loudly crying face# #loudly crying face# #loudly crying face# aku kudu kuat ati"
@arisafp bagus kaaannn #black heart suit# ufe0f #black heart suit# ufe0f
@arisafp nonton chaaa! nonton berkali2 jg ga nyesel
"#filmimperfect jauh di luar ekspektasi #loudly crying face# #loudly crying face# ekspektasinya ga sebagus itu, ternyata bagus banget #black heart suit# ufe0f #black heart suit# ufe0f #black heart suit# ufe0f"
@dwyntoo pengen apanichhhhh..
@dwyntoo emang malang dingin woyyy:
@tubbirfess petaninya ganteng banget woi:
"barang yg diincer banyak, uangnya gaada #face with cold sweat#"
@sinuratt27 dilike dulu sebelum viral
@rizki_meliyani aku manusia normal kok mel #relieved face#
nonton you are the apple of my eye kesekian kalinya dan masih aja baper dan bikin mewek aq emang lemah masalah ginian
"jogja kalo siang pansnya kayak latihan hidup di neraka, tau2 sorenya angin badai dan hujn deres kayak di film azab -_-"
@anggapensada masak sendiri bang
@urdotmozotorus hah kapan wee??
@sams_sitorus iiihh gimana si
@dwyntoo siniii jogja temui aquu
"@abdiaruan udah ada gan, tapi masih yg cam:"
@sams_sitorus perhatian banget: terharu
ga jadi2 nonton frozen 2. sok sibuk banget sih aku #pensive face#
"@damoshutagalung boleh dicoba tu, tapi garpit mayan berat sih gan sejauh yg pernah kucoba"
@urdotmozotorus punya filmnya ga? mau dong
@sams_sitorus sarannya mantep!
@anggapensada hee
"kalo stres emang paling mantep ngopi sambil sebat sih, gada tandingan."
@neftari_tasya ini setrikaan 3 minggu gan.. jangan anda pikir saya rajin: kita sama kok
ngumpulin niat dari pagi mau nyetrika. pas udah ada niat malah mati listrik ok.
"kok mageran bgt ya akhir2 ini :"""
@anggapensada iye aja udah #unamused face#
@anggapensada selamat natal abaaanggg #black heart suit# ufe0f #black heart suit# ufe0f
@dwyntoo kok kita gpernah minum bareng sih
@gracepurbaaa -_- iya aja deh
aku jahit dress bahannya dari aku sih cuma 150k gez. hehehe :
@lucia_lbngaol ada sesuatu di punggungmu hiiii #grimacing face# #grimacing face#
"saya bikin proposal tapi saya ga paham penelitian saya, saya bahkan ga paham saya nulis apa"
@damoshutagalung pengangguran kan cari kerja biar bisa dapetin duid lalu ngasih jajan ke orang:
@damoshutagalung kuliah juga ga enak:
@domdomnathalia selamaaattt!!!!! wkwkwkkwkwkwwk
@sinuratt27 ketawa u: jhd bgt
"@tubirfess kemaren sore gue kan naik krl ya, gue diomongin sama cewe kerudung panjang trus nyuruh gue syahadat dong nhemmm"
@zikrikus penjual bakso bakar radikal itu yang gimana mohon penjelasannya mz
noah centineo kok bisa hot banget kenapa sihhhhhhh jadi gemesssss!
"@sardiunnew yaaa kontol banyak kerja, tubuh juga banyak kerja biar seimbang"
@sardiunnew @tubirfess dimana letak positifnya #loudly crying face# #loudly crying face#
@vice_id dapet gebetan ganteng hahahaha
@tubirfess gabisa berhenti nethink anjjjj
"@dwyntoo iya, pengangguran:"
@damoshutagalung beda emang kalo orang yg ketinggalan pesawat ngasih nasehat:
@neftari_tasya gimana ya.. ghibah itu pemersatu bangsa #loudly crying face# #loudly crying face# #loudly crying face#
"""@neftari_tasya jadi merasa berdosa : """
@tarabasro duh rambutnya sukakkk bangeeeeettttt #face with ok gesture# ufe0f
ini kerongkongan kok sakit bgt ya. apa kena azab krn kebanyakan bacot
@sinuratt27 menunjukkan bahwa saya excited bung
yeay udah november gez. nuansa natal pasti dah kerasa
@damoshutagalung besok2 jangan diulangi lagi yak wkkwwkwk
@damoshutagalung oh kau udah jadi balik?? wkwkwkwkwwk
alhamdulillah jogja hujan yaaaa wkwkkw. tapi tetep aja masih panas suhunya:
ketawain aja udah
"@neftari_tasya karna pernah mengalami kali ya, aduch:"
@pinkcoffee97 iya lagi fase baperan
selena nyanyi lose you to love me pake perasaan bgt. w yg denger aja sedih dengernya #loudly crying face# #loudly crying face#
@anggapensada makaciwww abang anggaaa:
@anggapensada iyeee-_-
@anggapensada gabut bgt bang. maap menganggu kenyamanan:
@sardiunnew uwuuuu #loudly crying face# #loudly crying face# #loudly crying face# belum nyerah aja udah jadi sampah masyarakat
kasih sesuatu yg bisa memotivasi dong gaes toloongggg: demi apa udah mentok enek banget wkwkwk
"revisian buat bab 1 aja blm dicek, revisian buat bab 2 udah dikirim lg sama bapaknya. makasih bapak dosen #face with cold sweat#"
@anggapensada sini aku dampingin: eheheee
"kalo bahagia gini bawannya ga ngantuk sama sekali, tapi bingung ku bahagia kenapa yeu."
@arisafp menggoda bangeeettt: jadi pengen
@dwyntoo kok kamu jahat sih:
mantep sih emang filmnya. ga cewaaa
@sardiunnew ngiranya selama ini pinter tau2 halu doang
bego bgt emang alma :
@gulodeswari wkwkwk amen aja dah
@gulodeswari yhaa kapan nich tajirnyaa biar aku dibeliin indomi sekerdus:
@gulodeswari yaallah kikir banget indomiiiii #loudly crying face# #loudly crying face#
@gulodeswari wkwkwk iyeee makasih dah nyemangatin #unamused face# #unamused face#
"@gulodeswari nikmati hidup siiihhh, tp akhir bulan tar ga makan:"
oke fix gw mo nabung
bulan ini poya2 bgt kek gada tuntutan apa2 busedh:
@rickoyudistira jangan kebanyakan begadang #face savouring delicious food#
@sardiunnew bisa jugak dirimu misqueenp
@sardiunnew wkwkwkwk siap zeyeengggg
@sardiunnew kapan nich meet up. dah kanqen
@azabkuburpedih yang bentukan kayak gini dibakar aja gabisa apa
"@askmenfess pernah ke psikolog 6 bulan lalu kalo ga salah karna pas masa itu banyak bgt pressure di waktu yg bersamaan yg sempat bikin aku ngerasa down. dan setelah aku ke psikolog yaa ngefeklah, dibantuin cari solusi dan dibantu untuk kedepannya harus gimana."
@sardiunnew iyaa emang tapi harganya ga naik loo
@neftari_tasya q suka teman2 pemalas sepertiquuu ekwkwk
harus nyetok banyak2.. btw esse not detected
mo muntah baca2 paper wkakkwkwkw: ngini yg pengen proposalnya buru2 rampung
@domdomnathalia belum pernah cobaaa. ntar tak cobain deh
nextar brownis nagih banget sihhh paraahhh:
@rizki_meliyani sihiiyyyyy asik nihhh #smirking face# #smirking face#
"males bgt mo ujian yaampun :"""
@sardiunnew aku suka yang saru2 :
@sardiunnew yuklah kapan2 coba. hahahaha
aq benci kalo udah insomnia parah gini #pensive face#
@sardiunnew udah nyobain kopi ko&amp;tol punya lucinta luna blm gan?
@rizki_meliyani duh jadi baper #smiling face with open mouth and tightly-closed eyes# #smiling face with heart-shaped eyes# #face throwing a kiss# #kissing face with smiling eyes#
"""bisa-bisanya hp rusak yaallah : """
@tubirfess yup. emang bener doi menolak ruu pks makanya kemaren ga ikutan aksi #gejayanmemangil. dan ya entah kenapa tau2 dia nongol di tv untuk mewakili jogja #neutral face#
wkwkwk tolol emang #face with tears of joy#
fahri hamzah kenapa sih kayak kesetanan sumpah #matanajwa
mantap sih ini #face with tears of joy# #face with tears of joy#
@damoshutagalung wkwkkw sabar gan #face with tears of joy#
@zikrikus kemaren ikut aksi ga?
@zikrikus iya sama2 lur wkwkwk
@mas_purrr aku gabisa dimiliki #loudly crying face# #loudly crying face# #loudly crying face#
pengen punya duittt #loudly crying face# #loudly crying face# #loudly crying face#
@rizki_meliyani bahagia doong. siapa sih yg ngajarin jadi kaum2 lemah gitu? #face savouring delicious food#
sampah bgt anjaaay:
@rizki_meliyani doh galo mulu nih si kaka #see-no-evil monkey# #hear-no-evil monkey# #speak-no-evil monkey#
"""hahahahah that s right! hal2 yang urgenitasnya lebih malah ga diurusin dan hal2 pribadi malah diurusin. asw lah"
@neftari_tasya aduduuduu siniii move jogja aja
jam tidur : 12 jam #ok hand sign#
"""@damoshutagalung masalahnya saya tida punya uang mas : bisa bantu dengan ngasih aq uang ga?"""
"kemaren bukit bintang, sekarang semarang, besok dieng, trus bali, dan masih banyak lagiii. klean ngabisin duitku aja loh gaes : tapi ya aq suka sering2 maen sama klean"
@neftari_tasya @domdomnathalia itu keinginan semua mahasiswa sepertinya
@rizki_meliyani #loudly crying face# #loudly crying face# ga ngefek
@domdomnathalia ayokkk dommmm #persevering face# #persevering face# langsung pengen wisuda tanpa skripsian bisa ga sih
mau memulai sesuatu itu emang malesin banget. contohnya mulai garap proposal #expressionless face# #persevering face#
@sardiunnew rasa eue legal dan ilegal sama aja kok #smirking face#
@sardiunnew gausah nikah aja udah
@sardiunnew iya gimana udah bakat jadi pembenci sejak dini:
@dwyntoo kapan e wisudanya?
baru nonton grave of fireflies yang katanya sedih banget. pas kelar nonton malah ngerasa seneng adeknya mati: yaallah kok ya bisa aq seenggaksuka itu sama anak2 :
@antouum aku diundang ga nih ke acara wisuda?
@sardiunnew bener kok beb makanya ku retweet #smirking face#
@zikrikus cariin aq suamik yg kaya raya dong
akhir2 ini susah dapet driver ojol. jadi susah mo kemana2 #confounded face#
@zikrikus kalo ga kaya karna pns gimana?
@zikrikus kok berubah haluan pengen jadi pns beb?
"@mas_purrr jangan gitu bang, ntar baper"
kkn done #heavy check mark# nlove u all guys. kenangannya akan selalu diingat:
"sering sebel, mau sama warganya atau sama temen sendiri #disappointed face#"
@zikrikus kode biar dijengukin :
@damoshutagalung jan gitu dong shaay
ngeselin bgt disaat2 kekgini malah masuk angin dan kena gejala demam #confounded face#
@zikrikus gak bakalan sih #unamused face#
"""besok udah berangkat kkn ajaa : """
@zikrikus gak norak dia
@damoshutagalung ya iya bambankkkkk #expressionless face#
kenapa kalo ngerjain tugas di kampus rasanya ngantuk bgt tapi setelah di kosan ga ngantuk sama sekali #persevering face#
@zikrikus hiiihhh php banget:
@zikrikus ucapan semangat doang nih? #unamused face#
besok uas. nbelajar #heavy multiplication x# nbahas soal tahun lalu #heavy multiplication x# ntidur #heavy check mark#
yasss!! udah dari lama banget #face with stuck-out tongue and tightly-closed eyes#
@damoshutagalung belum ada calonnya:
@neftari_tasya udah semester tua sih ya #pensive face# ingin segera lulus
"semakin kesini aku semakin menyadari, niat buat belajar udah gaada #loudly crying face#"
aku benci diriku kalo udah gabisa menahan diri gini #loudly crying face# #loudly crying face#
@neftari_tasya buat gaya2an doang sih #face with tears of joy#
"@gracepurbaaa kalo rencana sih ada, realisasi yg ga ada"
@neftari_tasya besok duungh? wahhh gasabar
@domdomnathalia ga nyambung gan
@sams_sitorus udah nonton. jadi kzl:
"""pantesan sedari tadi merasa kok aku belum melakukan suatu hal tidak berguna yg biasa kulakukan hari senin, eh tau2 belum nonton eps 5 got padahal dah donlot. : """
motivasi belajar udah gaada sama sekali ;
@damoshutagalung ga bakalan turun berarti harga tiket #loudly crying face#
harga tiket jadinya kapan turun yak.
"best couple sih emang mereka ini, suka bikin iriiiiii"
@zikrikus jadi kamu malu berhubungan sama aqu?
suka terheran-heran sama dosen yg mulai kelas jam segini dan masih semangat #loudly crying face# saya aja ngantuk pak
"ingin banyak jajan, banyak main, banyak belanja tapi ga punya duit: so sad"
yang jadi permasalahan sekarang : gimana cara cari duit dalam kondisi begini.
@sinuratt27 @tan_taaa ga usah halu gitu
@damoshutagalung wkwkwk menganut aliran kepercayaan damos #astonished face#
@damoshutagalung ehmmm ga percaya sih aku
@damoshutagalung hah hellow kitty dibagian mananyaaaa
@damoshutagalung saran macam apa itu
@damoshutagalung #loudly crying face# #loudly crying face# kasih saran biar ga ketiduran abis makan dong
"cita2 kurus, tapi abis makan malah ketiduran #loudly crying face# #loudly crying face#"
"kalau kamu ga bisa membahagiakan, setidaknya jangan menyusahkan orang lain #puisi10kata"
@finisilaban iya otw abis kok niiii #face with tears of joy# #face with tears of joy#
@finisilaban aduh baik banget sihh mbaknya nyemangatin jadi baper:
@sinuratt27 sayang banget sama siapa?
"@neftari_tasya iya emang saya cakep, makasi #smiling face with smiling eyes#"
@gracepurbaaa iya dongg
@gracepurbaaa gak lah. mau jadi buk toyib
paskah tahun ini kurang dapet feelnya:
@neftari_tasya yang terdahulu ituuu wkwkwkw
terima kasih telah menemani masa sma kuu dan segala kealayannyaaa: #goodbyebbm
@gracepurbaaa aduh dpnya jangan pake fotoku plisss:
@abdiaruan @ruthcgsimbolon lama ugakkk. siapa unggul di sumut??
@ruthcgsimbolon hasilnya diumumin kapan sii??
siapakah yang akan menjadi presiden kita 5 tahun ke depan? #jokowiwinelection #thevictoryofprabowo
@damoshutagalung yah cewaa. padahal asik tuh ngopi bareng sama cewe #smirking face# #smirking face#
@damoshutagalung trus butuh cewe kapannn?? #smiling face with sunglasses# #smiling face with sunglasses#
janjian ngumpul di kosan buat belajar jam 10 pagi. baru pada dateng set 12. trus baru mulai belajar jam abis maghrib. dan baru kelar belajar + fotokopi catetan jam 12 malem. oke sip! aku cinta temen2ku
@rickoyudistira iyaa boleh kok
"@sams_sitorus waduuhh, bisa jadi sih iniii"
"orang2 sekarang pada gitu emang. sukanya menghina, sendirinya ga ngaca #pensive face#"
@anggapensada #disappointed but relieved face# #weary face# #loudly crying face#
@abdiaruan cupu sekaleee kitaaaa :
sedang berada di masa2 ingin makan terus tapi gamau gemuk #loudly crying face# #loudly crying face#
@abdiaruan kok aku gaadaaaa:
"@neftari_tasya gabisa ngasi solusi, aku juga gabisa menahan godaan soalnya"
"sebenernya kalo ada niatan dan semesta mendukung, sehari doang bikin laporan kp mah kelar. tapi niatannya ga pernah ada #loudly crying face#"
@rizki_meliyani kaga ada hubungannya ya:
@neftari_tasya kok kita samaaaann siihhh #relieved face# #relieved face#
"@anggapensada tapi kalo cewe yg menjemin ke cowo, auto bau keringat :"
jadi sedari tadi aku menunda mengerjakan tugas. pas udah ada motivasi buat ngerjain tugas eh malah ngantuk. dasar aku
"@abdiaruan hahahah padahal kau juga termasuk rakyat +62 :"""
@abdiaruan wkwkwkwkw #smiling face with open mouth and tightly-closed eyes# #smiling face with open mouth and tightly-closed eyes# masih aktif aja twittermu ya
males banget sih kalo yang satu ini #loudly crying face#
@rizki_meliyani masih tuaan kamu sih tapi
gada motivasi buat ngerjain apapun #disappointed but relieved face# #weary face#
@rizki_meliyani wagelaseh mbak yg satu ini dewasa banget #smiling face with heart-shaped eyes#
@mas_purrr sweet banget gaksiiihh
@sinuratt27 sama2 anarkis sih
@domdomnathalia cinta kepada diri sendiri sih
"@neftari_tasya @domdomnathalia ajarkan aku lebih kasar lagi, suhu #pig# #pig face#"
@neftari_tasya @domdomnathalia emang kita teman?
@rizki_meliyani @domdomnathalia @neftari_tasya ihh iri banget sih dasar netijen yanh hobinya julid ke aku #pile of poo#
hujan di jogja skrg udah anarkis :
@domdomnathalia @neftari_tasya gausah dihina juga emang kau udah terhina sih dom
@domdomnathalia @neftari_tasya iya bener sih kau masih alay sampe skrg cong. sampe masa depan juga keknya bakalan tetep alay #relieved face# #relieved face#
bisa dilihat sejak dahulu kala emang saya yang paling kalem : @domdomnathalia @neftari_tasya
@rizki_meliyani netijen julid dilarang berkomentar
@unjur19 apa hubungan gabisa tidur dengan miskin kak?
@sondangsartikaa kau terlalu sibuk sih son: sampe kau lupa ada aku
"@sondangsartikaa iya gpp sih son, tau sih aku kau pasti kangen2 gitu samaku hehehe:"
@sondangsartikaa oh jadi karna kau son aku gabisa tidur:
@zikrikus bijak bgt yaampun: saiia selaku pembaca menjadi termotivasi
kalo sampe jam segini blm bisa tidur mitosnya sih lagi ada yg mikirin. siapakah kira2 yang sedang mikirin aku:
@rizki_meliyani move on dong
"@zikrikus maaf aku rajin mandi, ga kayak kamu yg jarang mandi:"
@sams_sitorus iya tau kalo itu mah #unamused face# #unamused face#
kok aku jerawatan lg: ini pertanda apa ya gengs #loudly crying face# #loudly crying face#
cara ngurusin badan biar bisa kayak kendall jenner gimana ya:
@sherinharahap yah sedih padahal pengen cantik:
@rizki_meliyani waduuhhh #face screaming in fear#
rajin maskeran bisa bikin chantique ga ya kira2? #confused face#
"@zikrikus biasa aja dong:"""
besok udah masuk kuliah #flushed face# #flushed face#
@sams_sitorus @neftari_tasya serah abanglah mau pilih siapa
@sams_sitorus @neftari_tasya ga teman tapi kami adalah saudara dalam kasih: wkwkwkwkwkw
@sams_sitorus @neftari_tasya ini teman kok menjatuhkan hmmm #expressionless face#
wkwkwkwk: selera humorqu
@handokotjung 2019 masih ada orang gblk ternyata:
@neftari_tasya makanya jangan sering ngilang: jadi kepikiran terus kan akutu
mikirin banyak hal bener2 ampuh untuk bikin gabisa tidur:
@sherinharahap mau ketemu kamu:
@sherinharahap engga #smiling face with open mouth and cold sweat# #smiling face with open mouth and cold sweat#
@sherinharahap ngga ngajak2 ih #disappointed face#
@gracepurbaaa ya kan kamu juga #smirking face# #face savouring delicious food#
@wisda_juntak17 hmmmm udah bagus aja ya tempatnya
@mas_purrr @akimsibarani nah tu nyadar :
@mas_purrr jangan galau2 gitu bang
@sams_sitorus nah kan dari sini aja kita bisa liat siapa yang ga jelas #smirking face#
"ga terbiasa sendiri, jadinya pas sendiri gini gada semangat dan motivasi mau ngapa2in :"
@sams_sitorus aku sih jelas. bang sam aja yg ga jelas
@sams_sitorus terus maunya gimana?
@wisda_juntak17 itu dimana wis?
@sams_sitorus kesian banget sih:
@domdomnathalia sirik bgt sih:
babay kudus. semoga besok ada kesempatan buat bisa kesini lagi #white smiling face#
"""jadi hari ini diajakin keliling2 pabrik djarum yg ada di kudus sama keliling2 mess tempat tinggal karyawan pt djarum, dan itu bagus polllll #loudly crying face# #loudly crying face# #loudly crying face# pas masuk serasa orang norak dari pedalaman yg terkesima sama semua fasilitas yg disediakan : """
@sams_sitorus ga bagus bengong2
@sams_sitorus terus aku ngapain dong? #neutral face#
@neftari_tasya itu mah gak diam2. terang2an kalo aku ngefollow kamuu:
"@sams_sitorus jangan bingung, berat. biar aku saja wkwkwkw #face savouring delicious food# #face savouring delicious food#"
kebingungan temanku membuat aku bingung kenapa teman2ku bingung sampe akhirnya aku juga ikutan bingung karna bagianku ternyata juga membingungkan dan akhirnya kami sama2 bingung dan menikmati kebingungan ini #loudly crying face# #loudly crying face# #loudly crying face# -kp lyfe-
ini following kok tiba2 nambah sendiri masa #neutral face#
@gracepurbaaa jangan marah gitu #worried face#
@wisda_juntak17 kok menarikkk #relieved face# #relieved face#
@rizki_meliyani hiya hiya hiya
aku #gakgalaulagi kalo udah punya duit banyak :
"@sinuratt27 takdir memisahkan, aku bisa apa #confounded face#"
@sinuratt27 kan kamu duluan yg ninggalin aqu :
"#kangendi jadikan prioritas diantara semua kegiatan dan kesibukannya :"""
@sinuratt27 oh berarti biasanya jomblo?
@sinuratt27 dasar jomblo
@neftari_tasya @domdomnathalia beneran asyique gaes. : banyak gabutnya #tired face#
@sinuratt27 modalin yak? wkwkwkw
@wisda_juntak17 hanya sebatas ucapan semangat doang wis??
jadi gini rasanya kerja #weary face#
masih magang aja udah diajakin buat lembur #tired face# #tired face#
@rizki_meliyani lagu loh itu:
@neftari_tasya kok kekgitu dibilang alay ihhh:
@neftari_tasya sabeb lahhh yg pnting malemmm. aku orang sibuq soalnya ya gimana:
@neftari_tasya besok yuh? wkwkwk
@neftari_tasya duh apaniiii kok gada kabar2 :
mau hujan juga tetep aja panas :
@zikrikus sini alap aku dong ke kudus :
@gracepurbaaa ya dua2nya sih:
@gracepurbaaa sini ke jogja:
@zikrikus jangan galau gitu karna kutinggal:
@zikrikus oh lagi galau di tahun baru?
ga paham sama ini kota sumpah: sepi dan kaga ada apa2nya
"packing packing, besok udah berangkat ke kudus. ga berasa saya udah memasuki semester hampir tua #relieved face#"
rainy christmas : padahal niatan mau gereja malah hujann #loudly crying face#
yang paling dirindukan kalo pulang itu ya ke-absurd-an orang2 rumah #house building#
@ikiya12 kapan traktiran?
@neftari_tasya jangan gitu ihhh: aku kan kangen
@arisafp kok ga ikut chaaa??
@zikrikus makasih kesayangan #face with open mouth and cold sweat# #fearful face# #dizzy face#
@arisafp cha kemaren natal alumni smanda bandung kok kau gaadaaa??
@zikrikus folbek aku dong #smiling face with sunglasses#
@domdomnathalia ku sampaikan pesanmu ini ke dia ya :
@domdomnathalia iya emang banyak yg bilang aku cakep #princess#
@arisafp bandung manaaaa
smanda squad #smirking face# #smirking face# tumben rame walaupun ga full team #flushed face#
@domdomnathalia siapa bilang aku sendiri? hehehe #smirking face#
@domdomnathalia ya emang biasanya orang2 yg terima motivasi2 kecil dari aku langsung mengalami perubahan gitu dalam hidupnya:
@ikiya12 sakit akibat tugas #worried face# #loudly crying face#
@sinuratt27 pengangguran ya:
seharian ngga ngapa2in. serasa pemalas bgt: huhu
@anggapensada makaciiii baanggg
"@anggapensada engga :"""""
@anggapensada wah aku iri
@ikiya12 ini yang katanya mau nyerah hemmmm
"@gracepurbaaa iyaa gpp, tapi jangan diulangi lagi ya #face savouring delicious food#"
@neftari_tasya @gracepurbaaa nah tepat syekaliii
@gracepurbaaa @wisda_juntak17 desember aja belum udah pra natal aja ya hemmm
@sinuratt27 parah sih nyimpen2 aib:
@neftari_tasya halah beda berapa bulan doang kok #face with stuck-out tongue and tightly-closed eyes# #face with stuck-out tongue and tightly-closed eyes#
"@neftari_tasya selama ini cuma temen, tapi sayang :"""
@domdomnathalia pastinya laaahhh. aku ga akan ngecewain kamu:
@gracepurbaaa #smiling face with open mouth and tightly-closed eyes# #smiling face with open mouth and tightly-closed eyes# #smiling face with open mouth and tightly-closed eyes# belajar bawa motor ntar grace kalo liburan
@gracepurbaaa aminnnn. kasih aku obat kuat dong biar beneran kuat
@sinuratt27 ihhh najis banget demi apapun muka gw #loudly crying face#
