"mending gausa beli sekalian, mba. sakit bgt liatnya. duh"
mana ga bawa dompet. mau jajan cimol aja gabisa. asu lah.
ga jadi balik anjir masi ujan.
masi sama. mama gabisa ganti la.
@teguhind sedi :
@collegemenfess mandi aja nga
"@subtanyarl ngurus bgt si, anjing. mau dia pgn cukur botak biar kek org budha jg gausa mgurus. idup dia ini. kalo lu beneran care, langsung bilang orgnya. gausah up dibase. caper."
"@asknonym anjing mulutnya wkwkwk bales dong: gt gt lo suka, babik."
@collegemenfess kucingnya lahiran
"@womanfeeds mati aja, mba."
@kompascom anjir org kaget aja dibikin berita :
"biasa, mas. jiua bisnis."
capek. pengen jd sticker helm.
yg kerudung coklat mirip windi ga si? wkwkwkwk @orangemaple97
punteun. mau numpang goreng nugget.
@moviemenfes bando anjir. bandana? :
@rlthingy gua kira puntung rokok : nbtw suka aja sih kalo dianya suka sm lo mah.
gatau ah. bodo amat. mau nangis dulu. bye.
kalo ketawa gt bukan ketawa kan sebenernya? #loudly crying face#
sumpah ketawanya sarkas bgt yaallah takut #loudly crying face#
yaallahhh #loudly crying face#
yaallah mau nangis
ngerasa berdosa bgt ini gimanan #loudly crying face#
yaudah. makanya gausa ekspektasi.
pikiranmu uwa ewe aja kek kakek sugiono.
"@subtanyarl sbr y, k."
capek. pgn jd tepung terigu.
bula buli. sembunyi dibalik agama. mengomentari keburukan org. ga sadar kalo dia jg lagi melakukan hal buruk dgn hate comment. gblg.
"@bahasrl minta disemangatin mulu, tipes lu? n.keanuagl"
"@whynotwhylater @areajulid dm aja, k."
"@svmmerberries @areajulid hoax maksudnya gmn ya, mba?"
"kasih pendapat aja dulu, mikir yg lain belakangan. ini kebalik. banya bacot tp ga ada ngarah ke pendapat yg ditanyain. bct jingan."
mas crush apa nda mau liat liatan gn sm aku?
tau ah. bego.
"temen temen pada bahas dr. stranger kdrama, otak gua memvisualisasikan sebagai doctor strange nya marvel. apaka aku emg harus pensiun dunia perhallyuan #loudly crying face#"
"@rlthingy kalo anda mikir gitu ya putusin, k. repot amat."
setela bts terbitlah joji. ok. ak sayang hidupku.
@rlthingy cowoknya blg mo ee dan dia minta pap.
@pergijauh woyyy ah #loudly crying face#
"@salmamahmudah @grabid udh promo, gini pulang, menangis liat masnya ngileng ngileng di bawah"
"mending gausa beli sekalian, mba. sakit bgt liatnya. duh"
mana ga bawa dompet. mau jajan cimol aja gabisa. asu lah.
ga jadi balik anjir masi ujan.
masi sama. mama gabisa ganti la.
@teguhind sedi :
@collegemenfess mandi aja nga
"@subtanyarl ngurus bgt si, anjing. mau dia pgn cukur botak biar kek org budha jg gausa mgurus. idup dia ini. kalo lu beneran care, langsung bilang orgnya. gausah up dibase. caper."
"@asknonym anjing mulutnya wkwkwk bales dong: gt gt lo suka, babik."
@collegemenfess kucingnya lahiran
"@womanfeeds mati aja, mba."
@kompascom anjir org kaget aja dibikin berita :
"biasa, mas. jiua bisnis."
capek. pengen jd sticker helm.
yg kerudung coklat mirip windi ga si? wkwkwkwk @orangemaple97
punteun. mau numpang goreng nugget.
@moviemenfes bando anjir. bandana? :
@rlthingy gua kira puntung rokok : nbtw suka aja sih kalo dianya suka sm lo mah.
gatau ah. bodo amat. mau nangis dulu. bye.
kalo ketawa gt bukan ketawa kan sebenernya? #loudly crying face#
sumpah ketawanya sarkas bgt yaallah takut #loudly crying face#
yaallahhh #loudly crying face#
yaallah mau nangis
ngerasa berdosa bgt ini gimanan #loudly crying face#
yaudah. makanya gausa ekspektasi.
pikiranmu uwa ewe aja kek kakek sugiono.
"@subtanyarl sbr y, k."
capek. pgn jd tepung terigu.
bula buli. sembunyi dibalik agama. mengomentari keburukan org. ga sadar kalo dia jg lagi melakukan hal buruk dgn hate comment. gblg.
"@bahasrl minta disemangatin mulu, tipes lu? n.keanuagl"
"@whynotwhylater @areajulid dm aja, k."
"@svmmerberries @areajulid hoax maksudnya gmn ya, mba?"
"kasih pendapat aja dulu, mikir yg lain belakangan. ini kebalik. banya bacot tp ga ada ngarah ke pendapat yg ditanyain. bct jingan."
mas crush apa nda mau liat liatan gn sm aku?
tau ah. bego.
"temen temen pada bahas dr. stranger kdrama, otak gua memvisualisasikan sebagai doctor strange nya marvel. apaka aku emg harus pensiun dunia perhallyuan #loudly crying face#"
"@rlthingy kalo anda mikir gitu ya putusin, k. repot amat."
setela bts terbitlah joji. ok. ak sayang hidupku.
@rlthingy cowoknya blg mo ee dan dia minta pap.
@pergijauh woyyy ah #loudly crying face#
"@salmamahmudah @grabid udh promo, gini pulang, menangis liat masnya ngileng ngileng di bawah"
menangis kalo ingettt huhu
anabulnya mandiri #loudly crying face#
menangis.
ganteng bgt mas 1994ku.
mama bapakku bahkan belum menika.
@areajulid banya bacot anjing.
udh mulai pusing. eugh.
@moviemenfes tamba rame bikos ada samantha
np siii
@kdrama_menfess 5taun :
nah ini. bias ak muncul.
@foodfess2 burger noreo nteh manis nxi boba nindomi nayam n- nrebus njanjiw
@pwsycho tp tinggal vip dan itu 2jt an yaallah mau nangisss
@pwsycho astaga. desik chungha aja udh mo nangis
"@subtanyarl diem. kalo mereka nyenggol gua, baru deh gua bales. teriak gua ijut teriak. udh mulai berantem kabur dari hums wkwk tar juga mikir knp anaknya ilang. terakhir gua suruh cerai dgn alasan kasian adek2 gua. gua mah udh bodoamat. adek2 jgn sampe lah jd ga pedulian sm org kek gua."
aldy gembul bgt anjit wkwk
@subtanyarl ya ibu pikir aja la. si mba antri di toilet mau makan siang apa gmn? kebelet juga lah. ah capek bgt gila. knp banya org bego sih belakangan ini
kalo marah bilang gausa diem ah. kesel.
benci bgt kalo udh kek gn.
@foodfess2 pancong
"@collegemenfess teknik, komunikasi, bisnis."
@aestaethiccc_ @subtanyarl aku cingta bangtan pokonaa #loudly crying face# #loudly crying face# #loudly crying face# #purple heart#
@temenan_kuy iya kannn #loudly crying face# #loudly crying face# #loudly crying face# para si lejen bat mba ini tuuu
"kaki gua nginjek rumput tanpa alas kaki aja gelinya sampe ubun-ubun. lah ini guyang di lumpur yg gatau dalemnya ada apa aja. makan langsung dari rumput yg gatau udh keinjek apa aja. no, thanks. too stupid for mba. mba has left the chat."
kunci dimana ya jaket?
mba meme lho iki woelaaa
si bpk ada masalah apaan si #loudly crying face#
@bahasrl capek bgt liat kek ginian. mbok ya kalo bego save it for urself aja. gausa diumbar. indonesia udh jd negara maju np rakyatnya masih tolol dah
but gpp. trimakasi sdh menjadi pengalaman.
ya waktu itu berarti beneran dia. sok sakit. sok playing victim anjing bat. knp si hhh
@inginjadimapia peterpan kali?
mas crush ak gatau waktu dasar ya. udh malem gini juga #pensive face#
@moviemenfes tukang haji naik bubur
@apinbae24 -bos n-anaknya bos n-mama kadang n-bapak kadang n-mantan yg putusnya secara tida baik
@your2rl 16 thn? bukannya blm legal buat nikah ya?
"ga ada akhlak emg lu ye, koo."
"@tegarmhmdf t-tapi dia nabrak-nabrak buaya gitu, buayanya bisa luka ga sih? kasian ngeliatnya ih"
"pertanyaan terbege hari ini: n""ma, kita punya kecap ga sih, ma?"" nmau nangis aja kalo inget #loudly crying face#"
nizam gdena gnteng bgt ia. pablo ma lewat.
@subtanyarl korban meninggal bukan si?
yela beso udh senin lagi aja.
unguk. #purple heart#
mama gua main tiktok. waw. sekarang gabisa nyinyirin tiktok lagi takut durhaka :
@teguhind iya ih. otaknya digade apa gmn si ih kesel.
@subnyampah done jingan bgst
@dindaquo_ gabole hey. perusakan properti :
"kerja kerasnya nga diliat, yg diliat seksinya. gblk ah. males."
sumpa males bgt dah tinggal di indonesia. orgnya pada tolol tolol.
nungguin jatohnya.
"hey, ayo kita bobo bareng!"
@idolfess jung hoseok. jung kook.
@bahasrl napa? jangan bilang kamu baper sama rp cowok yg ternyata tg #pensive face#
@subtanyarl nga tau. aku biasa kemana mana pake jet. jet pump.
@asknonym biru parahhh
iyi ding tinjikin pifi dinii kili kintink jigi binyik ying jbjb. cot.
mo misuh aja. misuh terus sampe mampus.
simpih. bikinnyi iki ngijidgi yi. cot.
@dabjal wkwk aku juga skip td.
gua mo balik jd bucin bang tan aja. bye.
yaallah gusti ganteng bgt ciptaan tuhan.
astaga. harusnya ak gble ktawa.
@cursedkidd kblik wili.
anjir ini kalo gua udh mau hijrah ke inti bumi aja lah #loudly crying face# #loudly crying face# #loudly crying face#
@bahasrl lu ngeselin.
ternyata bisa anter ke kampus. ya maap udh ngomel-ngomel abisnya gajelas bgt.
@skipsajasudah wkwkkwkw
yg got me.
"@reliablegiant @tubbirfess iya ih. itu mah pada close minded aja. otaknya isinya cuma agama, sampe lupa sama ham. ngingetin ga harus paka kata kasar padahal"
@skipsajasudah @subtanyarl iyap
tau ah.
kalo gabisa ya gausa janjiin. bikin kesel.
apaan si. labil bgt.
semena mena e e waka waka e e
"curhat cuma mau didenger, gamau dibantu dikasih solusi. apalagi dikepoin terus besoknya jd bahan ghibah. gamau."
"""@reliablegiant @tubbirfess nga sayang. aku baca bukan yg bagian titan. ada lagi yg lain pgn pke baju haram tp gabisa soalnya aku hijaber nbtw dia satire doang sih katanya."""
kne tpuu.
@idaman_janda tergantung pribadi masing masing. kewajaran org beda
@mencukur makasi ia #pensive face#
"@julleowaffledt iya, mas. baru netes :"
"""hidup gua baru aja dimulai : """
jangan pls
takut
pam mirip bang zeze tp versi aga gembul wkwkwk
ada yg mau baca cerita wattpad hyungwon x jennie? ntap link bio gua.
bener bgt astaga. makanya kalo ada ide langsung buat story line dulu kek gn. kalo ngga bakalan ilang musnah tak akan bersisa. #loudly crying face# #loudly crying face# #loudly crying face#
ok. skarang dah sesi ghibah. waktunya ak masu kamar. bye.
sserem bgt syalan
@rizkisf_ manis bgt senyum mbanya.
"@collegemenfess bapaku: percuma ipk gede kalo gabisa bermasyarakat. yg bisa bantu kamu pas susah tuh tetangga, bukan nilai gede. nok, pa. ia."
@foodfess2 pir lebi juisi
"@subtanyarl ada yg najis, tp bkn babik."
"ingin bergabung ngudud bersama bapak dan om-omku, tp takut ditampol berjamaah :"
@subtanyarl wkwkwk gua juga beberapa kali dijauhin mas crush gegara bikin story bts members being a whole boyfies #pensive face# but gpp. berarti mereka tida mau berusaha. lemah.
sumpa rame bgt.
kek babik astaga #loudly crying face# #loudly crying face# #loudly crying face#
tp iyasih. gua naik 4kg :
"udh 5 kali gua denger tante-tante gua bilang: kok gendutan ya, teh? npusing dengernya."
waaa tweet ak suda 10k.
@foodfess2 pastel lah. kroket mah lonjong
bau bau ada yg selingkuh ni wkwkwk
anjir. dunia ini isinya udh beneran ngewe doang.
anjing. balik balik rumah rame. pusing bgt.
"ada yg terlihat, tp bkn bakat."
@subtanyarl udh perna liat. pusing. goblok kek gn gausa dishare mulu la kesel liatnya
@collegemenfess taunya alkomenu @dzawinur :
@collegemenfess paling pindah kelas
ato nia ramadhani. ato hotman paris. bahkan kim kadarshian.
gocat anjir #loudly crying face# #loudly crying face# #loudly crying face#
@collegemenfess lah gua cuma bawa pulpen. tas pun tas main yg mungil. sekarang bisa nyatet lewat note pls lah gausa alay.
"diminta buat jadi juri debat inggris di kampus, eh ada mk. monangis."
@foodfess2 jambu bangkok.
@subtanyarl tida ada yg bertanya.
"@moviemenfes yant di riverdale itu cole, bukan dylan :"
"""lo udh bab berapa? 4 ya?"" nanjir. pada nyangka gua udh bab 4. padahal mah boro-boro yaallahhh. ambis gua ilang entah kemana. udahlah. bye."
@asknonym sabar ia.
bukan wendy ini ya jingan #loudly crying face# #loudly crying face# #loudly crying face#
@moviemenfes lah wkwkwk
"@foodfess2 tida aduk. tida pokoknya. mau bubur, eskrim, apapun."
"@tretanmuslim mas mdura, kmu gk ush bnya gyaa ia."
akhirnya nemu bitterlove koplo ver :
"@lostcontactf ijin sakit aja, k."
@indomyfess yaallah oppa rasa dd ak gumush skl
@bahasrl heh dit. baca neh
"@dmenfess1 nga mau, maunya dijemput pk jet."
ini mas mas yg baru ofisyel umur 26 kok nyebelin ya? tamba ganteng gt masa.
semalem abis marathon the purge. pas yang election year malah ketiduran. sekarang penasaran dong jingan. lupa pindahin ke fd lagi #loudly crying face#
@tubbirfess baju haram tu kek mana da? bajunya dibuat pake kulit babik? ck.
@kdrama_menfess bongsoon dan bokjoo suatu keharusan. gabisa pilih salah satu #pouting face#
ini tahun keberapa liat video buluk sayangku tp ga bosen bosen #loudly crying face# #loudly crying face# #loudly crying face#
"@collegemenfess heh wisuda bukan ajang pamer kekayaan, sayang. udala. harusnya bahagia lho lulus. ayo semangattt, luv!"
ih bcot skali kkek stu ini.
@moviemenfes iyak. selesai di situ dan newt na byebye #pensive face#
awww ketemu mas ary di jalan mlu bgtt~
@txtdaricowo alay jingan :
dah ah. ngambecc sama pak khasan. mo pulang aja gua.
@bukanjenong makasi ia jeje #pensive face#
@jadilahkuat100 ini pun aku nanya lokasi belio #pensive face#
"uwu bgt, mas. semoga mengnya bahagia di surga ya. ikut sedi #loudly crying face# #loudly crying face# #loudly crying face#"
wkwkwkwk si bapak bukan golonhan fav mon maap aja ia :
"ayo apus tweetnya. udh mau sehari tuh. malunya setahun lho : nbtw,"
gapapa. besok udh jumat.
@jadilahkuat100 mau nangis tolong #loudly crying face#
my sisain satu yg kayak gini:
mulai deh. ini bad feeling ttg apa sih jingan? astaga.
@alemusarai rest innalillahi peace buat si bapak #pensive face#
chat gua gak dibales dospem padahal belio online. lebi sedi dibanding dianggurin mas crush. para.
"@subtanyarl @aragawaras heh kamu semangat terus yaa, jaga kesehatan"
@mbun20766165 kebacanya fakboi mon maap #loudly crying face#
@teguhind terus apa kalo bukan fakboi? sadboi?
@teguhind ih kak teguh #pensive face#
@flory_ana88 @txtdaricewe iyekan
"@awmellss cari sendiri, sist."
heleh. clara dakjal.
knp harus di kepala sih astaga. bikin suujon aja :
"@bahasrl baca dulu sampe bawah, sengder. itu ada nama ig nya :"
@alvvn_ run juga ena woy dah denget blm?
@mbun20766165 gmw. km fakboy.
"@rlthingy kan ada semprotannya, guis."
@foodfess2 jual lagi
eh iya. tanggal cangtip. jadian ah.
beda park jinyoung woy #loudly crying face# #loudly crying face# #loudly crying face#
@alvvn_ fav parah sih.
tepokan laler anjir. same energy bgt ketaua ak.
@bahasrl dih dakjal caper.
"tolonggg. ngakak bgt udh 3 kali denger mas guruh bilang: jenius, anjing. #loudly crying face# #loudly crying face# #loudly crying face#"
nga diajak main. jd ngambek :
@bahasrl berat badannya 49? babik. diet sana. gak malu lo punya badan kek babik?
dah lah. kuy ke mcd.
"@ughonme aku borong, k."
@tapidikitt @matcalate apa dong wey
"@moviemenfes mariposa. bukan krn plg camtik sih, krn cm itu yg ak tau."
"@subtanyarl hbd, bangsat."
@matcalate semprong bkn si?
@ilsanku jahat amat ak dimusuhin #loudly crying face#
"@njchols oh, positive thinking aja kepintaranna cm buat belajar, bkn percintaan dll :"
"@bahasrl gtw, ak tauna cowok virgo."
@subtanyarl ak sange.
@subtanyarl woyyy ada berit
@njchols mff tp crush km kok kea nga ada otak :
@brojabrooo manja amat ak gsk.
@fiersabesari dih pencitraan.
@txtdaricewe banya gaya anjing ceweknya. dikira nyari duit segampang nyari telor rayap
baru kali ini gua ga nyesel banya bacot. ga akan dapet tu tadi kalo gua diem sambil ngangguk doang :
@bahasrl mau la. kalo ga lahir gua gabisa makan mcd.
"@arentindisney aku tim baca doang, k. males save :"
@arentindisney wkwkwk same
@iamdivaaay okedeee. makasi iaa
orang hamil boleh ngerokok ga sih? astaga
@bahasrl sini pala kao kuketuk
@foodfess2 0 ga ada?
serius ini. kali ini serius. ga akan menye. ga akan banya tingkah. bakalan serius. ga akan nakal.
seseneng itu yaallah. #loudly crying face#
pengen pulang
bodo ah. tau. bodo.
baru sejam lalu bilang ga banya gaya padahal ya. astaga. jingan emg.
pengen yupi
@subtanyarl keknya.
makasih yaallah. ga bakalan nakal lagi janji. ga bakalan banya gaya banya bacot banya apalah. makasihhhh #loudly crying face# #loudly crying face# #loudly crying face#
kek save @arnoldpoernomo deh. badan elmen muka bebelak.
@yfarensyah ak koala.
@foodfess2 nga pake apapun kalo lagi pengen pedes ya sambal.
"@idolfess 1. hyunjin, ayen, bangchan n2. chanyeol, sehun, dyo n3. - n4. - n5. jaehyun, johnny, ten n6. mingyu, hoshi, boo n7. - n8. eaj, kang bri, doun"
"@bahasrl nga, bikos mama aku gaperna peduli."
@foodfess2 belom. ayo ripiu
@dysenterydave @foodfess2 iyaa. enaa
"@faizsadad_ ga mempan buat gua, bang. soalnya gua tanpa temen masih bisa hepi. jalan ke mcd sendiri, nonton sendiri, makin gandats iya."
@bahasrl biar keliatan tegas.
@dysenterydave @foodfess2 iya ih. balik nanti beli ah. sama jambu bangkok. ena bgttt
"@subtanyarl ""lho, sekarang kamu vasan ya."" nbikos kurusan ato gendutan dah menstrim"
@foodfess2 mc spicy burger lengkap dengan kentang dan iced coffee jelly float. tamba mcflurry oreo de biar mood melonjak smpe klangit. aw
@rebahaun lah iya baru ngeh aku :
@dysenterydave @foodfess2 iya astagaa. ena bgt. yg selai berry juga ena #loudly crying face# #loudly crying face# #loudly crying face# duh jd pengen #loudly crying face#
@rebahaun ayolah mutual biar nanti balonan bareng kitaa
@foodfess2 kok lucu
"@subtanyarl hana, dul, set, net. yg net jan ditambahin tv ia."
@foodfess2 pancong sampingnya pukis. ena bgt yaallah apalagi yg dari pasar. pukis pasar paling markotop #loudly crying face#
@areajulid gua sebagai salah satu netijen yg seneng tubirin lulove mau ngomong gn: gua sama sekali ga masalahin gender dia. mo beneran cewek ato cowok bodo amat. tingkah lakunya itu lho. rendahin orgnya itu lho. apalagi pas gelud sama keanu. drama lain jg deh. astaga pusing.
@subtanyarl mam dulu ih.
@rebahaun setahun setelah kamuuu
@ady_bunga97 mau laa
@rebahaun sedi bat ya. btw taun brp kamuu?
@bukanjenong jeje jahat bgt demi apapun #loudly crying face#
@ady_bunga97 beliin!
@teguhind kak teguh udh beli mini projector itu belom? lucuw #loudly crying face#
@njchols same berarti kita
"@areajulid yauda tinggalin. susa amat. bacot tu cowok. bilang gn abis lu putusin: pacaran aja sama mba mba counter pulsa ya, jingan. jgn sm gua."
emg ulang tahun harus ada yg ngucapin ya? gua diucapin snapchat aja like: apasi jing. gt
@subtanyarl jurusan cilegon-gwangju alias tida ada.
@bahasrl kok nyari di base? : ne tp bodo si. idup u ini. bye.
"@areajulid emg ada yg ketawa ya kalo dibecandain ttg itu? kalo gua jd cowok lu, ga akan mara si, plg diemin lu doang bikos that aint funny at all tp mara gegara hal itu jg apaan bgt. yauda gt aja."
@subtanyarl kek najis mugoladoh iya.
@teguhind ah kay kuy mulu tp tida terlaksana
suaranya bikin pengen rebahan sambil twitteran sambil spotifyan sambil nyemil. astaga.
sumpa ini si abang barbar bgt.
woy ini sih impian ak. yaallah keren #loudly crying face#
astaga lagi suka bgt sama audrey mika angbon.
@chimbaepsae si mba youtube channelna apasi? penasaran sama kongten lainna
@jek___ kebaca martabak :
@rebahaun @astrolojane iya kan yaampun sebenernya kita masuk golongan apasi? wkwkwkwk #loudly crying face#
@teguhind @nenganyar15 @tanyoana @billboard_ina @bclsinclair napsu bener kak teguh
@subtanyarl baru beberapa bulan
"@subtanyarl males kerja, tp kerjaan lg banyak bgt. heu."
seumuran mama gua ternyata yaallah
@subtanyarl masi bingung antara infp dan intp.
@subtanyarl diem. ak dicap pendiem jg yauda lanjutkan.
@ryan_riyadii perna
@purapuraninja12 video mata banyak kan udh diblg
@asknonym farhan nih ya. dasar
"@areajulid b aja tp bakalan jaga jarak si sama cowoknya. i mean, sekedar kenal aja mulai saat itu juga gamau temenan. gua plg benci sama cowok yg abis dari gua malah ke sahabat gua. like excuse me but ga ada cewek lain lagi apa? harus bgt sahabat gua? hah? ya gitu pokoknya."
"@gansaf31 nga, emotnya gemes aja"
deg degan sialan abis liat video matanya banyak. jingan. dakjal emg.
@foodfess2 that [panjang2nya] #loudly crying face# #loudly crying face# #loudly crying face#
@dysenterydave i mean yaela. jd konsumsi pribadi aja la #pensive face#
@subtanyarl iya anjir. mana muka adeknya ga diblur. emg byadab yg bikin. kongten teros
@syrahmaa288 @foodfess2 otw ni. tp ajakin keliling ke tempat mura meria ya #pouting face# #heavy black heart#
pengen mute semua yg pake secreto atau apalah itu da wkwk ganggu bgt gils. tp mager. dah ah.
"selamat ulang tahun, sayang. @bts_twt"
"""@foodfess2 km idup di belahan bumi mana? : """
@foodfess2 indomi
"@daushaqi cici, lelenya gondrong. ngt bkn si cara mainna?"
tangan doun mukul mukul drum aja keliatan ganteng gatau da mata gua najis bat.
@uusbiasaaja jokes lu kan wkwkwk
kok mukanya agak mirip pandu #loudly crying face#
@astrolojane 23 oktober masuk ke keduanya :
@foodfess2 iiii mau jg
@jeromepolin jiji astaga. udh geprek saus keju udh paling ena.
@astrolojane beberapa benar. neh btw ngatau. masi blm yakin gua scorpio apa libra :
om arbain ni ya. emg jingan.
"@tidurpulang mas arya, pulang. tidur aja gih."
"@skreynot @nenganyar15 sabar ya, neng anyar. jejak dijital memang jahanam. ntp rasain lu. jlat ldah sndiri njis. bcot bgt si jd org hhhh ksel bgttt~"
@cvddleable baru tau :
@wvozd emg u dimana? :
@souhitmenfess jisug. qkwkwkwk
yaallah. mau nikahin eunha aja rasanya. gemes bgttt
i mean kok bisa si ngews dgn adanya org lain??? eh bodo bodo. apaan si otak gua ga penting bgt.
apani. makan mcd gabole buru-buru. nikmatnya tar jd kurang meresap!
@bobbagoom big boss biar bukuna gedwe
@subtanyarl yaud iy.
woyyy gemes bat #loudly crying face#
@aslamismeee bagus bgt
@collegemenfess tyda samsek. bgus bgtt
@bahasrl garpu taman
@moviemenfes bukan horror
@wvozd cilegon banten tau nga? :
@nanutcomelll @foodfess2 iya ih tadi baru cek. thanks iaaa
"wkwkwkwk bos gua nelpon tentang kerjaan, istrinya ada di samping. kebiasaan bos gua tuh kalo nelpon sering lupa matiin. tadi gua denger bos gua dimarahin istrinya, ""ini dimatiin dulu telponnya. hadeuhhhh"" wjwjwjwjwj parah sih. gumush bat para gaberani lawan dong"
@kancutmeleduk setuju sih. kek yauda la. lagi gini masih aja banya bacot. pen anyutin aja org kea gt
@foodfess2 bagi ttriknya wye
"@moviemenfes parasite? come to daddy juga. lumayan bagus, cuma kalo nonton 2 kali malah jadinya: paan si anjg. gt"
@purapuraninja12 that [berjanda] :
@wvozd di indomarch daerahku banyaa
astaga gua dari tadi pagi udh ngegas aja. padahal ini kan bdaynya sayangku. harus alim ih mbaaa :
"@nenganyar15 @tanyoana @billboard_ina @bclsinclair sempet-sempetnya, neng. subhanallah. tuhan tau maksudnya juga. rbt bgt idp l hhh"
@purapuraninja12 ngapain gua pelihara anak haram yaallah
@dinasyafrs sabar aja sama manusa kek gt :
@killyouridols15 genre musik u sprti ap?
@purapuraninja12 oh nqanya anabul itu apaan? anabul tuh anak bulu. peliharaan gitu makanya gua jawab meng
@purapuraninja12 meng aja yang gumush
@dedeknopa @xmoonbabe @arnoldpoernomo ga gini mainnya #loudly crying face# #loudly crying face# #loudly crying face#
pengen punya anabul :
@orangsabarrrrrr yaallah iya bener juga
@bahasrl indomi aja bikos spa yg gsk indomi telor dwa pke pilus.
@fiersabesari menyindir dengan penuh semangat ia.
@dinasyafrs emg org kalo udh benci ada aja yg jadi bahan tubir. sedi ak tu tauga si km deee #pensive face#
@subtanyarl berit soloku masih bobo hmm #pensive face#
pegangan dong #loudly crying face#
@dinasyafrs ada lagi yg lebi goblo. yg bilang bapaknya kurang ngasih biaya pendidikan : masalah kek gt doang malah meleber kemana-mana ga ngerti lagi #loudly crying face#
@aulkiul iya juga yaallah. lays dan chittato harus ditinggal tp ena gimana #loudly crying face#
@dinasyafrs nah. wkwkwk
anjir jam 7.59 baru sampe dynasty.
"@auvangers asik ya. dulu aku juga punya. aku bolos event kampus, dia juga bolos. tp pas aku jomblo, dia malah punya pacar. pacar aku lagi. eh mantan deng."
"@subtanyarl iya, babik. iya. ngomong aja sama sayuran, tapi jangan sama kacang ya. kesian kamu nanti."
@aulkiul terus kenapa dimam ai kamu #loudly crying face#
that [donat jeko selusin] #loudly crying face#
@aulkiul apaka ena? #neutral face#
stylist bgt di mata gua jd penasaran mak bapak dulu fashion style na kea mana ia? hm
apaan ni. clg ga ada ha? yaallah gemes.
@isyanasarasvati tang mentang dah nikah ya sombong sekali mba satu ini
"@dikakush 1st of all, anda juga buat itu jadi konten. u guys are same, so stfu kedua, menurut gua emang gak sopan kirim cv cuma gitu. lo whatsapp dosen aja ada pembuka, isi, penutup. lah itu mulus bgt body emailnya gils. kaesang cuma komen tentang itu kok. ketiga, kamu caper ih. gsk."
knp si deee #loudly crying face#
"sayang, happy birthday. aku sayang kamu 3000 #purple heart# @bts_twt"
gembulbbat perutnya awww gemash.
@moviemenfes nga ada
anjir dapet pc dong : s3 marketing jingan neo coffee :
"""lah foto yang to this beneran babi dikasih efek bukan sih? kok gak unyu :"
saya tidak percaya jimin tahun ini umur 25. tolong. dia tuh kea bayik yaallah gemes bat. goo juga tahun ini 23 mo nangis aja
nah wkwk manusia sekarang kerjaannya spall spill mulu kek gapunya kerjaan lain aja. najis mugoladoh.
@subtanyarl 160 dan mulai bangga.
yaallah ak di kantor knp km buat ak ktw
napesi :
"pengen manggil kamu abang, tp kamu lebih muda setahun dari aku. yaallah, jen. pusing ganteng knp bgt."
"salah joshua, jingannn."
"pengen punya 3 kucing, terus namain 3 abdul juga.: abdul latip, abdul jumaeni sama abdul manaf. hm."
kamus seluruh bahasa. sampe pusing keseleo lidah gapapa.
"@hansoljang7 kok ganteng, mas? :"
udahan twitternya malam ini. mau lanjutin draft wattpad. bye.
"""@areajulid kalo lo mau dia mencoba mengerti kenapa dia gitu dan mau tetap berteman sehat, ya tegur. kalo lo cuma bacot ga ada niat buat bikin dia pulih as u said, yauda tinggalin aja bangsat bacot bgt. temen lo bukan cuma dia kan?"""
akhirnya cewek tau gimana struggle cowok pas diganggu main mobile legend ya. ntp gua gtw si soale gmain keduanya hhh. su.
saia suka keangkuhan ini. omg
"@subtanyarl jennie ngedate sama hanbin. hyungwon lagi ngopi. hanbin nyapa hyungwon lagi. pas diajak gabung, hyungwon malah bilang: kok lo sekarang sama jennie lagi? perasaan kemaren sama lee hayi. hanbin salah tingkah. ndraft wattpad yaallah ngakak"
"org cuma mau tau dari 1 sudut pandang. asal judge tanpa mau tau mana yg bener, asal banya temen yg sependapat aman. jingan."
@subtanyarl heeey. aku kangen kamu. kangen peluk kamu. yaallah gemana ni.
tunggu aja yg ngewa mulutnya kena ajab. dangjal emg.
yaudah lah.
hanum waktu kecil sebelum cacingannya diobatin be like:
fucc beneran dibuat tato wkwkwkwkwkwk
@ardhitoprmono tp nenen
@linggaprakasa ganteng na ak.
gatau ngomong apa. biar ga sepi aja
demi apa kosan mati listrik dari sore. ga ada persiapan apapun beli lilin dll. di balkon ngeliat ke kampus serem bgt. ke depan kos begonya lupa kalo kuburan. bajingan mau nangis aja gua.
"muka masnya antara sumringah dan ""anj???"""
yaallah gemes bgt mas mas 25 yang bentar lagi 26 tahunku ini #loudly crying face#
@foodfess2 dangjal.
@areajulid lagi? yaelah. pusing amat jd warga negara +62
"jam segini pengen brownies tuh maksudnya apa ya, jingan?"
@asknonym kalo ga ngeue gimana bisa hamil si? gusinya yg hamil kali? yaallah
"""@iamdivaaay mantap bgt : """
temen gua banyakan pak bapak sekarang wkwk
"gua lagi ngobrol sama bapak bapak ronda, guis :"
"@teguhind apa tida bisa bagi bagi kebahagiaan, k? #loudly crying face#"
@dysenterydave telur gulung enaa. cilor jugakkk
"@dysenterydave iyaa, itu. astaga ideppp. manusia macam apa yg tahan nga makan cimol 10thn lebih?! #loudly crying face# #loudly crying face# #loudly crying face#"
@dysenterydave wkwkwk iya wey. kabarin aja. tar aku ajak keliling cari cimol
@dysenterydave terbang depp
@dysenterydave ya iya atuuu
