"b'@yolanda_n28 iya kan, emg ngeselin'"
b'apa cm aku yg benci bet liat slide yg isinya kata2 semua?'
b'yaa anak jaman sekarang emg jago2 pakai teknologi2 onlen'
b'pelajaran hari ini : bahkan bosnya g-suite belajar pakai g-suite dari anaknya..'
"b'@CoachJustinL klopp keknya ngelawak coc, jadi malas deh nonton pool,'"
"b'@traveloka taichan, saksang, pasta'"
"b'udh iklasin aja, gabakal menang \\U0001f602\\U0001f602\\U0001f602 https://t.co/mActuS0erQ'"
b'Ngelawak nihh org \\U0001f923 https://t.co/fkSt3tUwj9'
b'Weekend produktif'
"b'ayam,rubah,pelabuhan,tidur https://t.co/quH5pydVFb'"
"b'udah tidor2, kumpulkan tenaga dlu'"
b'hari ini jg aku akan menang'
b'@CoachJustinL beneren masuk dong minimano \\U0001f602'
b'@CoachJustinL tida ada reflex dia coc'
b'@CoachJustinL kok jadi ac milan'
"b'Sorry ya spam, soalnya lgi ngetes apps'"
b'Tweet span no.3'
b'@yolanda_n28 Engga ah. Enakan ke jerman \\U0001f600'
b'teruntuk yg selalu marah karna aku typo terus. 70% waktu sehari itu habis didepan laptop. ngetik di hp itu susah bet bet susah \\U0001f605'
b'kejarlah ilmu sampai ke jerman.'
b'oopps jadi curhat \\U0001f605'
"b'really? sma masalahnya gajauh2 dari guru bp, kalau sekarang masalahnya udh sama client yg minta ini itu ga jelass \\U0001f62b\\U0001f62b, blom lagi harus bayar kost2an \\U0001f61c https://t.co/EHA0VxnzuQ'"
"b'Datawarehouse apa kabar ya, udh lama ga kubuka'"
"b'Aduh aku ini lemah bgt sih, niat beli kecap manis yg kebeli malah saos tiram \\U0001f613'"
b'abis itu ke gramed buat nyiumin aroma buku baru \\U0001f642 https://t.co/iNYEZRNCdI'
b'@goal @CoachJustinL pendapatnya coc?\\nkatanya thiagonya sendiri udh sepakat secara personal'
b'wahh kalau salah kompres bisa jadi tar.gz. bisa gk balik tuy anak \\U0001f602\\U0001f61c https://t.co/ciSSfKEn7z'
"b'aku puas dgn apa yg kuraih di umur segini, ga banyak emg. cman dari sedikit kamu bisa bersyukur \\U0001f607'"
"b'salut sama semangatnya, kalau gw boro2 \\U0001f605 https://t.co/EGL1bQ4CPc'"
b'@pangeransiahaan aku melihat akan ada orang2 yg akan kecewa \\U0001f602'
"b'Hahaha, kan udh gw bilang. Selama ini lawannya tim papan bawah aja makanya menang menang. Giliran lawan tim yg jago dikit malah ancur \\U0001f923\\U0001f923\\U0001f923 #GakGunaMU https://t.co/urNSErh1Cs'"
"b'@premierleague parkir bis, parkir bis'"
b'keknya aku udh keasikan wfh deh..'
"b'Hobiku lembur pas weekend, tapi tidak qaya qaya \\U0001f606'"
"b'@GiaPratamaMD udh, kita liat aja dlu lawan soton, selama ini lawannya tim degradasi semua'"
"b'@CoachJustinL dengerin tu,,@GiaPratamaMD'"
b'@CoachJustinL Pool harus beli nick pope !'
"b'@CoachJustinL Tul, mending experiment aja terus selagi masih ada sisa game, itu lebih bijak dari pada 100 poin'"
"b'@CoachJustinL Bagusan pope ketimbang pikford,'"
"b'Sumpek, seharian membusuk ngoding. Saatnya matchday #LIVBUR'"
"b'@RBLeipzig_EN tolong pak nagelsmann, balaskan dendam dihati ini \\U0001f44a https://t.co/QnI54YsYTO'"
b'yakin bisa geser liverpool musim depan ? https://t.co/sc2qnZTM4n'
"b'bisa yok, sebelum weekend harus kelar'"
"b'@GiaPratamaMD stay safe, kalau bisa dari rumah, dari rumah aja !'"
b'@GiaPratamaMD bandung makin parah yaa.? \\U0001f62b'
b'@Hannamariamanur \\U0001f923 client selalu no1'
"b'kalau kesemangan client nomor 1, terus kesenangan diri sendiri nomor berapa?'"
"b'Gokil, Belajar management dan leadership langsung dari ahlinya \\U0001f44d\\nhttps://t.co/exwroAk7Nf'"
"b'@txtdrpemerintah langganan vpn aja, kemana2 lebih untung \\U0001f644'"
"b'knapasih masih banyak yg mintol ke aku, jo bisa hack fb/ig teman aku ga? bla.bla.bla.bla.\\nguys! aku bukan hacker dan jawabannya udh jelas, aku gak bisa.'"
b'@JeromePolin itu keknya kode enkrispi bit koin deh'
"b'@CoachJustinL Tipikal liverpool musim ini coc, gaselalu main bagus tapi pada akhirnya menang jg, \\U0001f613'"
b'@CoachJustinL Faktor penonton kah ini?'
b'@CoachJustinL Sedih bgt gw liat nya..'
b'@CoachJustinL Jujur. Gw agak sedih liat pool main gini coc setelah juara kemarin'
b'@CoachJustinL Semoga babak 2  di tampol ama klop satu2 biar maennya bener'
b'@CoachJustinL Thiago masuk kira2 cocok ga coc?'
"b'@plesbol_ Namanya jg siklus,, kalau mau tercepat butuh persiapan lama \\U0001f61c'"
b'@CoachJustinL Coc lebih prefer jiru atau abraham?'
b'client gw keknya ga bisa tidur mikirin kerjaan nya.. \\nmoga dilancarkan ya bu.'
"b'ngobrol ama client jam segini emg paling pas da, aku masih segar karna udh bobo siang dan prepare buat nonton bola.'"
b'@plesbol_ lwn tim degradasi aja kewalahan\\U0001f602'
b'Kalau ada 1 hal yg kubenci itu sudah pasti. #MUNBOU'
b'dan pada akhirnya yg paling seram adalah interview'
"b'tips. lamarlah company yg responnya cepat. dan pada akhirnya cv hanyalah cv, yg paling penting sih menurut aku tetap skill dan softskill. https://t.co/FRYfHCNNs2'"
"b'@CoachJustinL kebanyakan minum bir dan party keknya coc, jadi agak gimana gitu \\U0001f602'"
b'@CoachJustinL entah kenapa man city kalau ketemu liverpool pasti mainnya total banget \\U0001f62b'
b'ok itu cman kata2 penyemangat sebelum ke goa.\\U0001f62d'
b'hal paling gaenak itu ngantuk jam segini'
"b'@JamesMilner @LFC ayo pak milner, bantai tim lamamu lg.'"
"b'entah kenapa kalau ngerjain sesuatu secara total, walaupun hasilnya jelek tapi tetap aja bangga \\u2728'"
"b'@kristoimmanuel gordon nya udh ok, cman kalau agak di ringanin dikit bisa perfect tuh'"
b'@junayyy__ Ada saat dimana lu lbh sering baca daripada bisa balas / isi wanya kerjaan semua \\U0001f923'
b'menyingkirkan ego dan tidak peduli kiri kanan adalah 2 hal yg berbeda. \\u270a'
"b'laptop udh mulai sakit2 tan, hasil diagnosis hari ini sngatlah memprihatinkan \\U0001f62d'"
b'@googledevsid pernah bikin yg kaya gini dehh.. cman teknisnya udh lupa..'
b'center back dinilai dari kesolitan dan leadership di lini belakang. gol hanyalah bonus. https://t.co/dzAyprHz6c'
"b'Niat olahraga pagi, baru lari 5 menit udh cedera \\U0001f613'"
b'@CoachJustinL Dipasing khusus dari messi \\U0001f44d\\U0001f3fb'
b'@handokotjung Apalagi bekalnya dibuatin doi \\U0001f61c'
b'Bikin spam filtering buat sms malah banyak sms penting yg kehapus \\U0001f613. Tapi gapapa yg penting ada progress'
b'Kapanlah bisa jajan berfaedah ? \\U0001f613'
b'@plesbol_ teman gw fans emyu semua \\U0001f602'
"b'buat kamu yg disana udh ga ada harapan, yok bisa yok. malu sama fans liverpool yg setia berharap, menanti nantikan sampai 30 tahun lamanya baru bisa terwujud \\u270a'"
"b""3\\xd7 di phpin dalam 10 tahun, dan tahun ini nyaris di phpin lg gegara pandemi. penantian panjang 30 tahun terbayar sudah. we're not living in the past but we learned from the past. \\n\\ncongrats to @LFC https://t.co/JVVAhGSzgm"""
"b'Bangun2 ada yg juara nih, setelah tunggu lebih dari 11.000 hari'"
"b'baru tau gw, tapi bakal susah gasih ingat2 itu, udh terbiasa dengan bahasa inggrisnya..\\U0001f606 https://t.co/kLaSJldu4d'"
b'ini github UI nya lama2 jadi mirip folder mac os yaa.. \\U0001f644'
b'Cobain iOS 14 beta version resiko diranggung user. 2 hari pakai ada widget yg nge bug.'
"b'@CoachJustinL coc, chelsea vs man city ga ada preview?'"
"b'@MKBHD Agak ngakak sih liat icon mac os big sur, lama2 jadi mirip Ui ipad \\U0001f923'"
b'liat match nanti malam jadi keingat kejadian 6thn lalu dimana liverpool imbang 3-3 lawan crystal palace jadi gagal juara. semoga nanti malam lawan crystal palace menang #YNWA https://t.co/RPbTTdmMHn'
b'udalah senyumin aja \\U0001f642'
"b'semakin sering aku main game, maka semakin hancurlah  pronunciation ku \\U0001f643'"
b'@CoachJustinL untung ada alisson'
"b""ada banyak yg ga bisa kamu control. that's why you need god. nite2"""
b'@CoachJustinL wow golnya keren bet bet keren.'
b'@CoachJustinL kurang efektif.'
"b'paling gak bisa dikompromi kalau kerja dengan network berlatency tinggi, \\U0001f62b\\U0001f62b\\U0001f62b'"
b'reddit akhir2 tidak kondusif yaa \\U0001f602'
"b'bersyukur, bersyukur dan bersyukur.. yok bisa yok \\U0001f4aa'"
"b'Bahkan kalau km tau caranya, km bisa bring your business into the next level hanya dengan bermodalkan produk gratisan dri google.'"
b'kerja keras akan mengalahkan org yg berbakat yg sering ketiduran.'
b'berita macam apa ini https://t.co/ik0pa9MXp4'
b'Kubahkan gatau company kemarin yg nungguin aku lulus masih mau nerima aku ga ya? \\U0001f91e\\U0001f3fb'
"b'@CoachJustinL nah cocok tuh coc, daripada spend duitnya ke pemain ""berbakat"" yg ujung2nya ga perform.'"
b'@CoachJustinL kalau jadi pelapis lini depan kira2 bisa ga coc? kaya coutinho dlu sering beroperasi dari sayap kalau mane ga main?'
"b'@CoachJustinL liverpool jadi arahkan bidikannya ke Houssem Aouar, kira2 apakah cocok coc pool beli playmaker?'"
"b'@yolanda_n28 iya kan, emg ngeselin'"
b'apa cm aku yg benci bet liat slide yg isinya kata2 semua?'
b'yaa anak jaman sekarang emg jago2 pakai teknologi2 onlen'
b'pelajaran hari ini : bahkan bosnya g-suite belajar pakai g-suite dari anaknya..'
"b'@CoachJustinL klopp keknya ngelawak coc, jadi malas deh nonton pool,'"
"b'@traveloka taichan, saksang, pasta'"
"b'udh iklasin aja, gabakal menang \\U0001f602\\U0001f602\\U0001f602 https://t.co/mActuS0erQ'"
b'Ngelawak nihh org \\U0001f923 https://t.co/fkSt3tUwj9'
b'Weekend produktif'
"b'ayam,rubah,pelabuhan,tidur https://t.co/quH5pydVFb'"
"b'udah tidor2, kumpulkan tenaga dlu'"
b'hari ini jg aku akan menang'
b'@CoachJustinL beneren masuk dong minimano \\U0001f602'
b'@CoachJustinL tida ada reflex dia coc'
b'@CoachJustinL kok jadi ac milan'
"b'Sorry ya spam, soalnya lgi ngetes apps'"
b'Tweet span no.3'
b'@yolanda_n28 Engga ah. Enakan ke jerman \\U0001f600'
b'teruntuk yg selalu marah karna aku typo terus. 70% waktu sehari itu habis didepan laptop. ngetik di hp itu susah bet bet susah \\U0001f605'
b'kejarlah ilmu sampai ke jerman.'
b'oopps jadi curhat \\U0001f605'
"b'really? sma masalahnya gajauh2 dari guru bp, kalau sekarang masalahnya udh sama client yg minta ini itu ga jelass \\U0001f62b\\U0001f62b, blom lagi harus bayar kost2an \\U0001f61c https://t.co/EHA0VxnzuQ'"
"b'Datawarehouse apa kabar ya, udh lama ga kubuka'"
"b'Aduh aku ini lemah bgt sih, niat beli kecap manis yg kebeli malah saos tiram \\U0001f613'"
b'abis itu ke gramed buat nyiumin aroma buku baru \\U0001f642 https://t.co/iNYEZRNCdI'
b'@goal @CoachJustinL pendapatnya coc?\\nkatanya thiagonya sendiri udh sepakat secara personal'
b'wahh kalau salah kompres bisa jadi tar.gz. bisa gk balik tuy anak \\U0001f602\\U0001f61c https://t.co/ciSSfKEn7z'
"b'aku puas dgn apa yg kuraih di umur segini, ga banyak emg. cman dari sedikit kamu bisa bersyukur \\U0001f607'"
"b'salut sama semangatnya, kalau gw boro2 \\U0001f605 https://t.co/EGL1bQ4CPc'"
b'@pangeransiahaan aku melihat akan ada orang2 yg akan kecewa \\U0001f602'
"b'Hahaha, kan udh gw bilang. Selama ini lawannya tim papan bawah aja makanya menang menang. Giliran lawan tim yg jago dikit malah ancur \\U0001f923\\U0001f923\\U0001f923 #GakGunaMU https://t.co/urNSErh1Cs'"
"b'@premierleague parkir bis, parkir bis'"
b'keknya aku udh keasikan wfh deh..'
"b'Hobiku lembur pas weekend, tapi tidak qaya qaya \\U0001f606'"
"b'@GiaPratamaMD udh, kita liat aja dlu lawan soton, selama ini lawannya tim degradasi semua'"
"b'@CoachJustinL dengerin tu,,@GiaPratamaMD'"
b'@CoachJustinL Pool harus beli nick pope !'
"b'@CoachJustinL Tul, mending experiment aja terus selagi masih ada sisa game, itu lebih bijak dari pada 100 poin'"
"b'@CoachJustinL Bagusan pope ketimbang pikford,'"
"b'Sumpek, seharian membusuk ngoding. Saatnya matchday #LIVBUR'"
"b'@RBLeipzig_EN tolong pak nagelsmann, balaskan dendam dihati ini \\U0001f44a https://t.co/QnI54YsYTO'"
b'yakin bisa geser liverpool musim depan ? https://t.co/sc2qnZTM4n'
"b'bisa yok, sebelum weekend harus kelar'"
"b'@GiaPratamaMD stay safe, kalau bisa dari rumah, dari rumah aja !'"
b'@GiaPratamaMD bandung makin parah yaa.? \\U0001f62b'
b'@Hannamariamanur \\U0001f923 client selalu no1'
"b'kalau kesemangan client nomor 1, terus kesenangan diri sendiri nomor berapa?'"
"b'Gokil, Belajar management dan leadership langsung dari ahlinya \\U0001f44d\\nhttps://t.co/exwroAk7Nf'"
"b'@txtdrpemerintah langganan vpn aja, kemana2 lebih untung \\U0001f644'"
"b'knapasih masih banyak yg mintol ke aku, jo bisa hack fb/ig teman aku ga? bla.bla.bla.bla.\\nguys! aku bukan hacker dan jawabannya udh jelas, aku gak bisa.'"
b'@JeromePolin itu keknya kode enkrispi bit koin deh'
"b'@CoachJustinL Tipikal liverpool musim ini coc, gaselalu main bagus tapi pada akhirnya menang jg, \\U0001f613'"
b'@CoachJustinL Faktor penonton kah ini?'
b'@CoachJustinL Sedih bgt gw liat nya..'
b'@CoachJustinL Jujur. Gw agak sedih liat pool main gini coc setelah juara kemarin'
b'@CoachJustinL Semoga babak 2  di tampol ama klop satu2 biar maennya bener'
b'@CoachJustinL Thiago masuk kira2 cocok ga coc?'
"b'@plesbol_ Namanya jg siklus,, kalau mau tercepat butuh persiapan lama \\U0001f61c'"
b'@CoachJustinL Coc lebih prefer jiru atau abraham?'
b'client gw keknya ga bisa tidur mikirin kerjaan nya.. \\nmoga dilancarkan ya bu.'
"b'ngobrol ama client jam segini emg paling pas da, aku masih segar karna udh bobo siang dan prepare buat nonton bola.'"
b'@plesbol_ lwn tim degradasi aja kewalahan\\U0001f602'
b'Kalau ada 1 hal yg kubenci itu sudah pasti. #MUNBOU'
b'dan pada akhirnya yg paling seram adalah interview'
"b'tips. lamarlah company yg responnya cepat. dan pada akhirnya cv hanyalah cv, yg paling penting sih menurut aku tetap skill dan softskill. https://t.co/FRYfHCNNs2'"
"b'@CoachJustinL kebanyakan minum bir dan party keknya coc, jadi agak gimana gitu \\U0001f602'"
b'@CoachJustinL entah kenapa man city kalau ketemu liverpool pasti mainnya total banget \\U0001f62b'
b'ok itu cman kata2 penyemangat sebelum ke goa.\\U0001f62d'
b'hal paling gaenak itu ngantuk jam segini'
"b'@JamesMilner @LFC ayo pak milner, bantai tim lamamu lg.'"
"b'entah kenapa kalau ngerjain sesuatu secara total, walaupun hasilnya jelek tapi tetap aja bangga \\u2728'"
"b'@kristoimmanuel gordon nya udh ok, cman kalau agak di ringanin dikit bisa perfect tuh'"
b'@junayyy__ Ada saat dimana lu lbh sering baca daripada bisa balas / isi wanya kerjaan semua \\U0001f923'
b'menyingkirkan ego dan tidak peduli kiri kanan adalah 2 hal yg berbeda. \\u270a'
"b'laptop udh mulai sakit2 tan, hasil diagnosis hari ini sngatlah memprihatinkan \\U0001f62d'"
b'@googledevsid pernah bikin yg kaya gini dehh.. cman teknisnya udh lupa..'
b'center back dinilai dari kesolitan dan leadership di lini belakang. gol hanyalah bonus. https://t.co/dzAyprHz6c'
"b'Niat olahraga pagi, baru lari 5 menit udh cedera \\U0001f613'"
b'@CoachJustinL Dipasing khusus dari messi \\U0001f44d\\U0001f3fb'
b'@handokotjung Apalagi bekalnya dibuatin doi \\U0001f61c'
b'Bikin spam filtering buat sms malah banyak sms penting yg kehapus \\U0001f613. Tapi gapapa yg penting ada progress'
b'Kapanlah bisa jajan berfaedah ? \\U0001f613'
b'@plesbol_ teman gw fans emyu semua \\U0001f602'
"b'buat kamu yg disana udh ga ada harapan, yok bisa yok. malu sama fans liverpool yg setia berharap, menanti nantikan sampai 30 tahun lamanya baru bisa terwujud \\u270a'"
"b""3\\xd7 di phpin dalam 10 tahun, dan tahun ini nyaris di phpin lg gegara pandemi. penantian panjang 30 tahun terbayar sudah. we're not living in the past but we learned from the past. \\n\\ncongrats to @LFC https://t.co/JVVAhGSzgm"""
"b'Bangun2 ada yg juara nih, setelah tunggu lebih dari 11.000 hari'"
"b'baru tau gw, tapi bakal susah gasih ingat2 itu, udh terbiasa dengan bahasa inggrisnya..\\U0001f606 https://t.co/kLaSJldu4d'"
b'ini github UI nya lama2 jadi mirip folder mac os yaa.. \\U0001f644'
b'Cobain iOS 14 beta version resiko diranggung user. 2 hari pakai ada widget yg nge bug.'
"b'@CoachJustinL coc, chelsea vs man city ga ada preview?'"
"b'@MKBHD Agak ngakak sih liat icon mac os big sur, lama2 jadi mirip Ui ipad \\U0001f923'"
b'liat match nanti malam jadi keingat kejadian 6thn lalu dimana liverpool imbang 3-3 lawan crystal palace jadi gagal juara. semoga nanti malam lawan crystal palace menang #YNWA https://t.co/RPbTTdmMHn'
b'udalah senyumin aja \\U0001f642'
"b'semakin sering aku main game, maka semakin hancurlah  pronunciation ku \\U0001f643'"
b'@CoachJustinL untung ada alisson'
"b""ada banyak yg ga bisa kamu control. that's why you need god. nite2"""
b'@CoachJustinL wow golnya keren bet bet keren.'
b'@CoachJustinL kurang efektif.'
"b'paling gak bisa dikompromi kalau kerja dengan network berlatency tinggi, \\U0001f62b\\U0001f62b\\U0001f62b'"
b'reddit akhir2 tidak kondusif yaa \\U0001f602'
"b'bersyukur, bersyukur dan bersyukur.. yok bisa yok \\U0001f4aa'"
"b'Bahkan kalau km tau caranya, km bisa bring your business into the next level hanya dengan bermodalkan produk gratisan dri google.'"
b'kerja keras akan mengalahkan org yg berbakat yg sering ketiduran.'
b'berita macam apa ini https://t.co/ik0pa9MXp4'
b'Kubahkan gatau company kemarin yg nungguin aku lulus masih mau nerima aku ga ya? \\U0001f91e\\U0001f3fb'
"b'@CoachJustinL nah cocok tuh coc, daripada spend duitnya ke pemain ""berbakat"" yg ujung2nya ga perform.'"
b'@CoachJustinL kalau jadi pelapis lini depan kira2 bisa ga coc? kaya coutinho dlu sering beroperasi dari sayap kalau mane ga main?'
"b'@CoachJustinL liverpool jadi arahkan bidikannya ke Houssem Aouar, kira2 apakah cocok coc pool beli playmaker?'"
b'Seh ada org baru nih di london https://t.co/IHffN31IJR'
b'Minum jus tomat serasa racun-racun dibadan ini ilang semua'
"b'Kalau berinteraksi dengan excel, ntah kenapa task sederhana pun aku pengen otomatiskan \\U0001f643'"
b'gw demen nih yg gini2.. https://t.co/ufxNHDZEbu'
"b'@MKBHD yg repot tuh developer, tiap ada update = nambah kerjaan.'"
"b'kesusahan sehari biarlah untuk sehari, besok masih ada jatah keram, well malam ini cukup sekian\\U0001f44c'"
b'keram secara fisik dan mental. tapi liat hasilnya not bad lah.. \\u270a'
b'masih mngerjain problem yg sama dari kemarin'
b'@tandhoow ini sebabnya bule lebih suka bawa mobil'
b'@plesbol_ tampilannya mirip messi 10 thn yg lalu'
"b'merasa malu, liat org2 tua jam segini udh olahraga pagi, sepadaan. sementara akuu.. \\U0001f62a'"
b'setelah 2 thn jadi google developer akhirnya dapat undangan conference jg. iyaaa... dari apple \\U0001f644'
b'Banyak jalan menuju paris \\U0001f91e\\U0001f3fb'
b'@plesbol_ mau di tampol?'
b'@kristoimmanuel pakai accent urdu sama cantonese dong'
"b'ga ush jauh2 dah, dengar iklan spotify ""the premier league is back"" dari peter drury udh excited parah...'"
"b'padahal produknya bagus bet loh,, sayang masih gampang kena retas. mungkin nextnya buat jenius harus update securitynya. karna security untuk banking itu harus zero error.'"
"b'wisnu kumoro jg pernah ngalamin, padahal dia sama parno nya kayak aku kalau soal data. thats why sampe sekarang jenius cman dipakai buat jajan doang yg saldonya ga lebih dri 1jt. \\U0001f644\\U0001f644 https://t.co/Zy8y9K22N1'"
"b'wah salud sih liat tmn"", tau2 udh lancar aja French sama German'"
"b'Bahagia itu simple, pesan 1 porsi di grabfood dapat 2 porsi. Thx @GrabID'"
"b'@CoachJustinL Iya coc, lebih bahaya dia daripada cancelo'"
b'km tidak akan bosan melakukan hal yg sama berulang2 asal km punya tujuan\\n-unknown-'
b'wah psbb di laut ga bener nih..!! https://t.co/4EpyDFPat6'
b'makan eskrim malam2 emg paling top dah \\U0001f601'
b'pfffftt.. ini baru tiktok \\U0001f44d https://t.co/vowbc7jyU5'
"b'Congrats, akhirnyaaaa...goodbye US region \\U0001f64f\\U0001f3fb\\U0001f64f\\U0001f3fb\\U0001f64f\\U0001f3fb\\U0001f64f\\U0001f3fb https://t.co/zkulWYmPGv'"
b'Tetiba reksadana baguss.. \\npengan senang tapi masih rugi\\U0001f914\\U0001f914'
b'jadi keingat matkul information retrieval sm data mining \\U0001f605 https://t.co/vuGz6eQXlm'
b'playlist boyce avenue sangat recomended untuk menemani wfh/produktivitas lain \\U0001f4af'
b'astaga usia sigini mata udh minus parah \\U0001f62d\\U0001f62d'
b'@KemenkesRI itu 9.1 % dari total populasi di indo ?'
"b'mantapp, seharian main game \\U0001f601'"
"b'@googledevsid bikin lagi dong, tapi questnya jangan banyak2 kaya kemarin,,\\nheheh \\u270c\\u270c'"
b'teman 2.0 ? https://t.co/LIxVGGe8td'
"b'30 tahun kalau jadi saham, udh banyak \\U0001f911 https://t.co/dDIBwR7d9s'"
b'nyimak webminar dipagi hari memang sangat sulit \\U0001f62c'
"b'apapun hasil interviewnya, tetap senang bisa making friends dengan user baru, tiap masukan2 mereka sangat membantu di awal2 per-kariran ini \\U0001f642'"
b'dari siang kerjaan blom beres2 \\U0001f633'
"b'kadang merasa bersalah jg sih, semester ini ngambil jatah terakhir jadi asdos dan gak ngajar sama sekali tapi tetap di gaji \\U0001f644'"
b'kinda joke \\U0001f61c https://t.co/pFusfBotUd'
"b'aku pernah baca buku, cman lupa judulnya apa tapi dibukunya ada mention bahwa hoki bisa dikontrol \\U0001f914 https://t.co/zADsu5x01X'"
"b'besok jumat, trello udh merah2 dikejar deadline \\U0001f927'"
"b'6 jam buat bot yg bisa ngisi survey otomatis, dan masih gagal \\U0001f605'"
b'@kencrotawn gw yg udh idup selama 21 tahun aja belum pernah coba \\U0001f646\\u200d\\u2642\\ufe0f'
b'@CoachJustinL Kalau pemain inggris yg main di liverpool pada overrated ga menurut coc?'
"b'tida ada lg main2, fokus jo.. fokus.'"
b'@cindy_blog @LFC Gabut? mulai scrolling dan dapatkan coin yang bisa ditukar ke duit.\\ndownload sekarang : \\n\\nhttps://t.co/n3eQcH8DjS\\n#YNWA'
b'@adityarefal12 Gabut? mulai scrolling dan dapatkan coin yang bisa ditukar ke duit.\\ndownload sekarang : \\n\\nhttps://t.co/n3eQcH8DjS'
"b'buat yg gabut boleh nih dicoba, scrol2 dapat duit !\\ndownload pakai link dibawah lgsung dpt 8000 coin\\n\\nhttps://t.co/LlBA77zjIF'"
b'tida ada cuti bersama bagi para freelancer \\U0001f600'
b'ini internet makin hari makin halu'
"b'Lol, ini excel makin hari tombolnya main banyak yaa'"
b'Mager banget ngerjain proyek pas long weekend'
"b'buat teman-teman yang sering beli/jual akun2 netflix,yt premium dll, mohon bantuannya untuk mengisi kuesioner dibawah ya thx.\\nhttps://t.co/QRwvLld6ib'"
b'ini internet 50mbps apakah gimmick?\\n#indihome'
b'Kali ini di bandung'
b'Apa cm aku yg dengar dentuman?'
b'some cheat meal sangat membantu dimalam malam \\U0001f924'
"b'pengen berhemat tapi mouse tbtb rusak, \\U0001f62d'"
"b'buat yg bergerak di bidang kesehatan, doa yg terbaik untuk kalian \\U0001f64f https://t.co/XHDhVos3r1'"
b'apakah saatnya hacker harus beraksi ? https://t.co/uQWivrjdRd'
b'dan setiap hari selalu gagal https://t.co/zMSQXIs0RK'
b'Mungkin \\u201csiang\\u201d di rumah dosenku berbeda dengn siang di kosanku \\U0001f937\\U0001f3fb'
b'@JeromePolin begitulah cara dunia bekerja..'
b'@GiaPratamaMD kebanyakan yg vote benci sama liverpool \\U0001f602\\U0001f602'
b'sama coc \\U0001f605 https://t.co/Dr4mgdhwyj'
b'apakah makan sambil yutuban itu termasuk multitasking? https://t.co/ubIObgJZqb'
b'apapaun yg ga konek ke payment gateway gabisa aku percaya \\u270c https://t.co/BSi9Tg9fLs'
b'kadang suka sedih liat trello \\U0001f927'
b'data science at FAANG \\U0001f924 https://t.co/9hH1hvAn1m'
b'Jangan menembak nyamuk dengan meriam'
b'Entah kenapa tiap jam segini pasti bawaannya pengen tidur'
"b'@kapansarjana_ belum tau, gw jagoan di pabji \\U0001f602'"
"b'ok, minggu depan coba chat lg,\\naku udh biasa kok dicuekin \\n\\U0001f625 #sad'"
"b'rutinitas baruku yaitu belajar jam segini, tujuannya simple, biar langsung ngantuk, akhirnya aku dapat cara untuk mengembalikan jam tidurku..'"
b'ok. dispenserku sekarang air panas kiri kanan -_-'
"b'baru bangun buka hackerrank, liat ada hard question pengen coba solve, kiraiin gimmick tapi ternyata benar2 hard, gabisa solve, tidur lg.'"
b'satu-satunya prestasiku selama karantina ini adalah mandi 2x sehari.'
"b'jangan ragu, sekarang itu rebahan adalah salah satu jenis passion.'"
"b'@JeromePolin kirain ""semua"" \\U0001f605'"
b'lebih sering ngobrol sama siri \\n#kindasad https://t.co/7SRvMZHbFh'
b'@Asknonym 3 thn sma ga pernah belajar.'
b'700 dolar untuk roda nya doang \\U0001f44f\\U0001f44f\\U0001f44f\\U0001f44f https://t.co/o2GjgY8GsG'
"b'Capek, penat, tapi puas bisa belajar banyak hari ini \\U0001f609'"
"b'ganti passwordmu, disconect akun bank/e-wallet dari akun itu, ganti verifikasi akunmu menjadi 2 langkah dengan OTP nomor hp, last but not least jangan pakai akun itu lagi'"
"b'perhatikan setiap detail websitenya, jangan isi form isiaan apapun dan jangan izinkan untuk mengakses apapun, karena website itu bekerja untuk menggiringmu memberikan datamu, jika sudah terlanjur ?, lakukan pelaporan sedini mungkin ke pihak berwajib'"
"b'disini hal meraniknya, website tersebut dirancang untuk mendapatkan informasi rahasiamu, mungkin mereka merancang tampilannya sangat familiar dengan salah satu website langgananmu seperti online shop favorite mu, namun kamu harus hati2, perhatikan URLnya'"
"b'hacker memiliki umpannya yaitu email/username kamu, namun dia belum memiliki password/nomor kartu kredit kamu. dia akan spam ke emailkamu untuk membawa kamu kesebuah website yang dibuat olehnya,'"
"b'Phishing merupakan teknik hacking yang umum digunakan para hacker untuk mengambil informasi rahasiamu seperti password,nokartu kredit dll. Teknik ini bekerja seperti nelayan yang ingin memancing ikan'"
"b'pertahan terbaik adalah diri kita sendiri, mindset harus dibangun sejak dini, jangan pernah percaya sama semua apps yg kamu pakai. jadikan mereka tool, kamu yg kontrol data apa yg kamu masukkan kesana. https://t.co/XBzmMVVPHs'"
"b'lesson of the day : tidak semua yg terlihat menyatu bisa dipersatukan,'"
"b'udah pakai shopee aja,,\\nskalian promosi \\U0001f92d\\n#Tokopedia #bukalapak'"
"b'@niko_junius @gheaindrawari10 yaampun, gw kira worship beneran \\U0001f602'"
"b'semoga aj toped bisa lindungi dari brute force,'"
"b'nomore apply for company luar lg, sekalinya ditelpon pakai bahasa inggris.. haahh heehh hohh lalu mati #sad'"
"b'Ditaburin bubuk kopi jg enak, apalagi yg 3 in 1 pakai creamer \\U0001f923 https://t.co/NTZLIQF2FF'"
b'punya joshua \\U0001f601 https://t.co/7tSQOzFpgT'
"b'asli pengen buat api unggun, bandung ademnya mulai menjadi2 euy'"
"b'ok, sekarang aku udh nyesal dari kemarin2 ga balik'"
b'kalau diliat2 cv ku lebih mirip cv anak management daripada anak IT \\U0001f914'
b'intensi untuk potong rambut pendek disaat2 seperti ini sangat tinggi'
"b'order spaghetti, ditinggalin sekitar 2jam karna masih kenyang, tau tau udh basi \\U0001f625'"
"b'1.tidur\\n2.main game\\n3.makan\\n4.repeat\\nohh sunggu sibuknya hari-hariku,  aku butuh liburan dari kesibukanku'"
"b'Kesambet apa aku, hari minggu pagi udh mandi \\U0001f643'"
"b'Craving for takjil sekitaran kampus, suasananya bedaa yaa'"
b'lagi memikirkan skenario buat skip besok \\U0001f914'
b'apa yg salah dengan pizza toping nanas? \\U0001f914'
b'busetdah sekalinya keterima langsung di posisi yg superb.\\npraise the lord.\\U0001f64f'
b'Lg nugas tbtb charger laptop keluar asap \\U0001f628'
b'hanya org yg pakai kaca mata yg tau betapa menganggunya pakai masker'
"b'Better apaan, sama2 ngaco https://t.co/fK1KkwiUba'"
b'good warkop langganan udh tutup. now what?'
"b'apa cm aku yg jam tidurnya makin hari makin ngaco,'"
"b'huhh gokil dah hari ini, campur aduk gitu feelingny \\u2764'"
"b'Buset dah seharian nonton tayangan ulang piala dunia tahun 2006, Ini fifa keknya sediain buat orang2 yang seperti saiya.. \\U0001f643'"
"b'kaget liat grub wa tbtb rame, ternyata si mama lagi bikin demo masak \\U0001f602'"
"b'geram euy, liat tiktok dimana2, jadi pengen bikin. bikin apps-nya maksudnya \\U0001f91e\\U0001f602'"
"b'uwwwu, kebanyakan duduk ternyata bikin kakiku pengen copot.'"
"b""semangat, you're doing great, stop comparing yourself with others, bersyukur bersyukur bersyukur \\u2728"""
b'enaknya kerja sesuai background pendidikan itu bisa kerja dan sambil ngerjain tugas.'
"b'dosen : yaa masukin datanya ke database butuh 3 jam jadi kalian bisa sambil kerjaiin yang lain ya..\\naku : pak saya pake google big query jadi cman 20 detik\\ndosen : mm bagus, kamu presentasi duluan\\naku : sh1t..'"
"b'ada yg bilang kalau kamu banyak buku  kamu akan jalani ribuan kehidupan yg berbeda sebelum kamu mati, kalau bancanya banyakan manual book kira2 bisa ga ya ? \\U0001f601'"
b'bisa yok bisa..'
"b'hari yg lelah, walau lack of motivation tapi semua terselesaikan \\U0001f44c'"
"b'Dunia tech ini keras, jangan berharap pada manusia yg membantumu berharaplah dari google \\U0001f600'"
"b'morning coffee udh abis,,\\U0001f625'"
b'kerjaan banyak tapi motivasi gadak \\U0001f633'
"b'pekerjaan ku akhir2 ini, berkebun dikosan \\U0001f44c'"
b'kesambet apa aku jam segini udh ngechat pembimbing buat nayaain revisi? \\U0001f627'
"b'website e-learning kampus di maintenance karna ada bug, ehh malah makin bingung makenyaa\\U0001f633'"
b'seharian makanku ga sehat banget sumpah!'
b'dengar suara bapak kosan yg nyapu dan ngepel teras dipagi hari terasa sangat damai ~~'
b'selamat paskah \\U0001f607'
b'aku masih sangat cupu dan gak punya kapabilitas sebesar itu https://t.co/zzQna3igcH'
b'sedikit syok setelah baca research dan sempat di tantangin buat jadi partisipan untuk manfaatin machine learning buat cari vaksin sars-cov2..'
b'Akhirnya barbershop langganan udh buka dengan SOP baik. \\U0001f44d\\U0001f3fb'
"b'Firefox ku lgi error, opera jg ga support..'"
b'Hadehhh.. setress aku pakai google chrome ini..'
b'ga bsa. yg bisa itu bagaimana cara kita memandang tahun ini dgn berbeda yaitu tetap bersyukur dan walaupun aku tau itu sulit \\U0001f62d https://t.co/zRjVQfKFQC'
b'kami bawa dalam doa \\U0001f64f'
"b'kursus di coursera jauh lebih menarik dari kuliah onlineku, fix skip'"
b'@CoachJustinL ga jelas emg itu coc'
"b""that's why aku ga pulang, takut otak aku beku \\U0001f606 https://t.co/6RRc7uy0mu"""
b'2 bulan lalu enroll kursus di coursera dan sekarang kursus yg aku ambil udh di gratisin. aku gpp kok \\U0001f44c'
"b'genap 6 tahun aku jadi left handed, awalnya karna kecelakaan tapi sekarang jadi kebiasaan\\U0001f642'"
"b'ga sia2 aku punya sampai 12 akun gmail, jadi bisa hemat duit \\U0001f602'"
b'Quiz jam 8.30 dan w baru bangun.\\U0001f44c'
"b'efek samping dirumah aja ya gini, jadi langganan segala macam service, \\U0001f926\\u200d\\u2642\\ufe0f'"
"b'aduuhh gapteknya aku,, \\U0001f926\\u200d\\u2642\\ufe0f\\nudh jadi bersalaan kan email ini..'"
"b'at least 1 bulan kedepan, aku punya akses ke banyak sumber data yg ada di dunia.. thx to google cloud platform.'"
"b'Awalnya senang udh dikasih free access google for analytics , ehh mala akunya yg mager buat makee. #wfhfail'"
"b'Kalau udh nyaman dengan 1 role, gapengen berpaling walaupun katanya lebih \\u201cprofitable\\u201d'"
b'hasrat jadi google developer &gt; ngerjain TA'
b'lembur dah malam ini..\\U0001f635'
"b'andai siang-malam aku bisa se produktif pas pagihari,,, mungkin aku udh jadi CEO \\U0001f602'"
b'padahal lagi semangat proyekan dan netflix \\U0001f633'
"b""enaknya kelas online, quiz bisa nge-cheat :')"""
b'senengnya liat ihsg mulai membaik \\U0001f601'
b'We say terima kasih in Indonesia \\u2764\\ufe0f\\u2764\\ufe0f https://t.co/Yh5L2w85KC'
"b'walaupun ini ""proyek receh"" tapi kalau dikerjain dengan senang dan udh ngasih yg terbaik, ntah kenapa pas udh beres puas banget dan merasa impactful padahal bukan siapa2.'"
b'ngakak sendiri liat teman2 kos pada ngomel2 gaje ditengah sutuasi ini.'
b'Rule number 1: Jangan Panic !. https://t.co/el6gGQ5Psr'
b'1 hal yg kusuka dari kosanku dimasa2 krisis ini cman 1. wifi 60mbps yg hanya dipakai 4 org.'
"b'paling suka pantengin data/statistik daripada liat berita sana sini,,\\ntypical data science \\U0001f602'"
"b'rutinitas akhir2 ini, bangun, cek email, makan, netflix, tau2 udh subuh.'"
"b'sebelnya punya imunitas lemah tu, merasa gelaja demam dikit udh parno setengah mati \\U0001f635'"
b'masih ngulik gimana caranya bisa wfh tanpa harus konek ke hpc.\\napa aku harus alokasikan uang makan buat beli aws lg?'
b'ngapa2in pun ga niat/'
b'@JeromePolin jadi ternyata selama ini bentuk wilayah tanggerang segitiga ya \\U0001f914'
"b'pada saat2 begini semua ngisi waktu buat mabar game online, pengen main tapi mouse aku rusak.. tapi lihat sisi baiknya aku jauh lebih produktif daripada mereka2 \\U0001f60a'"
"b'satu satunya penghalangku nonton video elearningnya dosen cman 1, ga bisa belajar kalau ga dengar musik'"
"b'macbook air 2020, sepertinya apple udh belajar dari lineup sebelumnya.. sekarang lini produknya jauh lebih reasonable untuk dibeli'"
b'ternyata seperti ini kelakuan kapten kita saat libur. \\U0001f629 https://t.co/Lja2crd3vs'
"b'salah beli parfum aku, wanginya kuat banget jd pusing kan.'"
"b'2 bulan pakai iTunes, sumpah pen balik ke spotify'"
"b'@JeromePolin IHSG anjlok,, corona menyerang hampir semua sektor,'"
"b'Gokil sih ini tetangga, karna kuliah tatapmuka libur, pagi ke pagi \\u201cfire in the hole mulu\\u201d'"
"b'Lampu kamar ubah ke kuning, brightness set 35%, terus baca buku buat killing time, lepas kaca mata, nyaman banget suasa ke gini.. moga2 ga buta akunya \\U0001f643'"
"b'Ini kali ke 3 tahun ini laptop ku crash, problemnya tetap sama di OS nya, Fix lah harus pakai si ubuntu lgi,, \\U0001f62d'"
"b'what everlah dengan pulkam, disini aku punya kerjaan yg harus diselesaiin dan aku gak mau bawa penyakit ke kampung (who knows dijalan kamu terpapar apa engga yakan). stay safe and healthy, yoklah semangat pasti bisa \\U0001f31f\\U0001f31f'"
"b'salaku fans pool sejak lama, saya dari sejak penundaan pertandingan sudah merelakan apapun hasilnya dan setuju bahwa keselamatan lebih penting. Apapun yg terjadi untuk sepakbola eropa dan inggris semoga lebih mengutamakan keselamatan orang banyak... \\U0001f64f\\U0001f64f https://t.co/5IXcYrmTSt'"
"b'kebagian dibidang rumah sakit, related banget dengan current situesyen. interview user sekalian checkup.'"
"b'paling mager klo disuruh buat laporan, \\U0001f629'"
b'@HengkiSitohang2 selamat datang di dunia kwkwk'
"b'masih mager ngerjain TA, ditengah per onlenan ini,, ga bisa konsul lgsung \\U0001f62a'"
"b""ketika dunia memojokkanmu ke posisi dimana kamu tidak bisa bergantung kepada siapa2 lagi, kecuali kepada tuhan. you're the happiest person on earth. karna kamu mendapat tempat dimana dia yg akan lgsung menolongmu.\\nhapsun n nitenite."""
"b'jadi ceritanya kemarin baru submit project ke cloud. pas di run ada 2 test case yg error.. daripada ngulik cari yg error, aku apus aja test casenya \\U0001f602'"
"b'@iwansitinjakk kermarin beli 3 pcs, 22rb bang'"
b'Saat-saat seperti inilah skill hoax filtering di uji'
"b'Salute buat dosennya, sudah pasti dia kopites. https://t.co/sQEeQlNT2X'"
b'btw kalao dipikir2 billy jo keren jg \\U0001f602'
"b'gasengaja ketemu teman lama, yaa mungkin sakin lamanya ga ketemu malah panggil aku billy \\U0001f928.'"
"b'pelajarin aja dulu men, berharap dimasa depan bisa beli MAC\\U0001f60a'"
"b'me, belajar teknologi baru : 1jam pertama excited parah, abis itu ""kok susah yaah"", pakai yg lama aja lahh. ntar bisa diakali \\U0001f646\\u200d\\u2642\\ufe0f'"
"b'Ini aneh, tbtb koneksi wifiku terdaftar di region UK, semua akses kebuka.. \\U0001f9d0'"
"b'\\U0001f44f\\U0001f3fb good game, okelah masih ada next year'"
b'Gak hoki aja ini weeee...'
b'Can\\u2019t sleep. ini tetangga jam segini masih pada meeting lg. \\U0001f613'
b'@CoachJustinL Tapi dpt 1 gol jg coc'
b'Atau jangan2 ini hanya sebuah gimmick ?'
b'Sembuh seketika pas nonton bola \\U0001f926\\U0001f3fb\\u200d\\u2642\\ufe0f'
"b'@CoachJustinL Minta pendapatnya dong sekalian coc di review, kira2 seberapa jauh timnya nagelsman  ini melaju UCL.. \\U0001f64f\\U0001f3fb'"
b'\\U0001f91esemoga jadi uts terakhir.'
b'Mati rasa aku liat soal2 ini \\U0001f613'
"b'astaga ini tetangga, dari kemaren pasang lagu2 yg engga banget dah. \\U0001f922'"
b'akhirnya drama per lisensian berakhir indah..\\nsetidaknya dompetku aman untuk 1 tahun kedepan \\U0001f61c'
b'moga2 dengan ini bisa berkarya sembari brlajar. \\U0001f64f'
"b'guest what, dapat free akses 1 tahun software berbayar dongg.. seneng parah \\U0001f44d\\U0001f525'"
"b""malam minggu tanpa listrik,, come on that's freaking joke."""
"b'kiraiin bisa weekend santuy, ehh malah produktif dari pagi..\\ngpp deh masih ada malam nobar bola..\\U0001f642'"
b'Kesambet apa aku hari ini oleh raga pagi \\U0001f923'
b'@JeromePolin Njirr lahh.. jerome sudah terbawa suasana \\U0001f923\\U0001f923'
"b'niat latihan soal, baru buka soal warm up ngerjain 1 soal 1 jam \\U0001f625,,'"
"b'uuuhhh, bangun2 udah jumat. menuju weekend tenang\\U0001f60f'"
b'nyempatin makan beginian jam segini~~ https://t.co/pqhOahT0hQ'
b'Done ~~ \\npen tidur aja...'
"b'Hadeehhh.. ini client banyak bet maunya \\U0001f481... segala gala di kritik, untung aja kritiknya membangun.'"
"b'seharian ujan, dingin dan sepi membuatku teringat padamu, iya pizza keju dengan pinggiran renyah..'"
b'Ok.. bersiap2 untuk mode telur.'
"b'saya : datanya kan udh banyak ya bu, kalau fiturnya di pertahanin bakal lama buat modeling nya..\\ndosen : kamu pakai AWS / Apakek yg punya google itu ya, biar cepat.\\ntabunganku : (mulai meneteskan air mata)'"
b'senin produktif'
b'karena ketidakpastian akan mengajari kita berjaga jaga dan mempersiapkan sebaik-baiknya. Always hope for the best and be ready for the worst.  \\U0001f64f'
"b'kalau ada yg bilang ""the invincible is gone, kalah juga kan lu,, bla..bla..bla.."" sebagai fans liverpool kita harus kuat dan jawab dengan jawaban yg sama setiap tahun : ""next year will be our year"".\\nbecause actually that words belong to us. \\U0001f602 #YWNA'"
b'hari ini didedikasin untuk belajar dan ibadah aja. gadak main2 ga jelas ke semalam :('
"b'@CoachJustinL akusih iklas2 aja coc, gak bisa expect main bagus mulu yakan..cman lagi bad luck aja.'"
"b'@LFC emg ya kalau punya cemistry, bisa aja sama2 mengalami kegagalan di hari yg sama https://t.co/tGhkwt68tG'"
b'@LFC jangan patah semangat liverpool. https://t.co/tGhkwt68tG'
"b'terkadang kita jatuh, kadang belum sempat bangkit udh jatuh lagi, semuanya butuh proses. intinya semangat dan tetap bersyukur. didalam dia yg memberi aku kekuatan \\U0001f607'"
b'@CoachJustinL keputusan yg salah ga si coc gantiin vinicius?'
"b'@CoachJustinL gol coc,akhirnya bisa cetak gol dri penalty'"
b'@CoachJustinL gatau coc'
"b'baru sadar kalau besok ada acara,, dan udh terlanjur begadang buat nonton nihh bola\\U0001f926\\u200d\\u2642\\ufe0f\\U0001f926\\u200d\\u2642\\ufe0f'"
"b'@CoachJustinL udah,, blok aja coc'"
"b'semangats jo, kamu punya tuhan yg tidak pernah menyerah buat mu..'"
"b'astaga,, ini aku terkadang suka banget ambil keputusan yang salah, padahal udh di timbang2 tetap aja rasa ragu itu ada. apakah cuma aku ? \\U0001f61e'"
